Sep 03 20:58:41 faucet INFO     version 0.0.1.dev16
Sep 03 20:58:41 faucet INFO     Reloading configuration
Sep 03 20:58:41 faucet INFO     configuration /home/namhust98/sina/faucet/venv/etc/faucet/faucet.yaml changed, analyzing differences
Sep 03 20:58:41 faucet.config INFO     including file: /home/namhust98/sina/faucet/venv/etc/faucet/acls.yaml
Sep 03 20:58:41 faucet INFO     Add new datapath DPID 1 (0x1)
Sep 03 20:58:41 faucet.valve INFO     DPID 1 (0x1) sw1 IPv4 routing is active on VLAN office vid:100 tagged: Port 5 untagged: Port 1,Port 2,Port 4 with VIPs ['10.0.100.254/24']
Sep 03 20:58:41 faucet.valve INFO     DPID 1 (0x1) sw1 IPv4 routing is active on VLAN guest vid:200 untagged: Port 3 with VIPs ['10.0.200.254/24']
Sep 03 20:58:41 faucet.valve INFO     DPID 1 (0x1) sw1 IPv6 routing is active on VLAN office vid:100 tagged: Port 5 untagged: Port 1,Port 2,Port 4 with VIPs ['2001:100::1/64', 'fe80::c00:ff:fe00:1001/64']
Sep 03 20:58:41 faucet.valve INFO     DPID 1 (0x1) sw1 IPv6 routing is active on VLAN guest vid:200 untagged: Port 3 with VIPs ['2001:200::1/64', 'fe80::c00:ff:fe00:2001/64']
Sep 03 20:58:41 faucet.valve INFO     DPID 1 (0x1) sw1 table ID 0 table config match_types: (('eth_type', False), ('icmpv6_type', False), ('in_port', False), ('ip_proto', False), ('tcp_dst', False), ('udp_dst', False), ('udp_src', False)) name: port_acl next_tables: ['vlan', 'vip', 'eth_dst', 'flood'] output: True set_fields: ('eth_dst',) size: 32
Sep 03 20:58:41 faucet.valve INFO     DPID 1 (0x1) sw1 table ID 1 table config match_types: (('eth_dst', True), ('eth_type', False), ('in_port', False), ('vlan_vid', False)) name: vlan next_tables: ['vlan_acl', 'eth_src'] output: True set_fields: ('vlan_vid',) size: 32 table_id: 1 vlan_port_scale: 1.5
Sep 03 20:58:41 faucet.valve INFO     DPID 1 (0x1) sw1 table ID 2 table config match_types: (('eth_type', False), ('ipv4_dst', True), ('ipv4_src', True), ('vlan_vid', False)) name: vlan_acl next_tables: ['eth_src', 'eth_dst', 'flood'] output: True size: 32 table_id: 2
Sep 03 20:58:41 faucet.valve INFO     DPID 1 (0x1) sw1 table ID 3 table config match_types: (('eth_dst', True), ('eth_src', False), ('eth_type', False), ('in_port', False), ('vlan_vid', False)) miss_goto: eth_dst name: eth_src next_tables: ['ipv4_fib', 'ipv6_fib', 'vip', 'eth_dst', 'flood'] output: True set_fields: ('vlan_vid', 'eth_dst') size: 64 table_id: 3 vlan_port_scale: 4.1
Sep 03 20:58:41 faucet.valve INFO     DPID 1 (0x1) sw1 table ID 4 table config dec_ttl: True match_types: (('eth_type', False), ('ipv4_dst', True), ('vlan_vid', False)) name: ipv4_fib next_tables: ['vip', 'eth_dst', 'flood'] output: True set_fields: ('eth_dst', 'eth_src', 'vlan_vid') size: 32 table_id: 4 vlan_port_scale: 3.1
Sep 03 20:58:41 faucet.valve INFO     DPID 1 (0x1) sw1 table ID 5 table config dec_ttl: True match_types: (('eth_type', False), ('ipv6_dst', True), ('vlan_vid', False)) name: ipv6_fib next_tables: ['vip', 'eth_dst', 'flood'] output: True set_fields: ('eth_dst', 'eth_src', 'vlan_vid') size: 32 table_id: 5 vlan_port_scale: 3.1
Sep 03 20:58:41 faucet.valve INFO     DPID 1 (0x1) sw1 table ID 6 table config match_types: (('arp_tpa', False), ('eth_dst', False), ('eth_type', False), ('icmpv6_type', False), ('ip_proto', False)) name: vip next_tables: ['eth_dst', 'flood'] output: True size: 32 table_id: 6 vlan_scale: 8
Sep 03 20:58:41 faucet.valve INFO     DPID 1 (0x1) sw1 table ID 7 table config exact_match: True match_types: (('eth_dst', False), ('vlan_vid', False)) miss_goto: flood name: eth_dst output: True size: 64 table_id: 7 vlan_port_scale: 4.1
Sep 03 20:58:41 faucet.valve INFO     DPID 1 (0x1) sw1 table ID 8 table config match_types: (('eth_dst', True), ('in_port', False), ('vlan_vid', False)) name: flood output: True size: 96 table_id: 8 vlan_port_scale: 7.0
Sep 03 20:58:41 faucet INFO     Add new datapath DPID 2 (0x2)
Sep 03 20:58:41 faucet.valve INFO     DPID 2 (0x2) sw2 IPv4 routing is active on VLAN office vid:100 tagged: Port 24 untagged: Port 1 with VIPs ['10.0.100.254/24']
Sep 03 20:58:41 faucet.valve INFO     DPID 2 (0x2) sw2 IPv4 routing is active on VLAN guest vid:200 tagged: Port 24 untagged: Port 2,Port 4 with VIPs ['10.0.200.254/24']
Sep 03 20:58:41 faucet.valve INFO     DPID 2 (0x2) sw2 IPv6 routing is active on VLAN office vid:100 tagged: Port 24 untagged: Port 1 with VIPs ['2001:100::1/64', 'fe80::c00:ff:fe00:1001/64']
Sep 03 20:58:41 faucet.valve INFO     DPID 2 (0x2) sw2 IPv6 routing is active on VLAN guest vid:200 tagged: Port 24 untagged: Port 2,Port 4 with VIPs ['2001:200::1/64', 'fe80::c00:ff:fe00:2001/64']
Sep 03 20:58:41 faucet.valve INFO     DPID 2 (0x2) sw2 table ID 0 table config match_types: (('eth_type', False), ('icmpv6_type', False), ('in_port', False), ('ip_proto', False), ('tcp_dst', False), ('udp_dst', False), ('udp_src', False)) name: port_acl next_tables: ['vlan', 'vip', 'eth_dst', 'flood'] output: True set_fields: ('eth_dst',) size: 32
Sep 03 20:58:41 faucet.valve INFO     DPID 2 (0x2) sw2 table ID 1 table config match_types: (('eth_dst', True), ('eth_type', False), ('in_port', False), ('vlan_vid', False)) name: vlan next_tables: ['vlan_acl', 'eth_src'] output: True set_fields: ('vlan_vid',) size: 32 table_id: 1 vlan_port_scale: 1.5
Sep 03 20:58:41 faucet.valve INFO     DPID 2 (0x2) sw2 table ID 2 table config match_types: (('eth_type', False), ('ipv4_dst', True), ('ipv4_src', True), ('vlan_vid', False)) name: vlan_acl next_tables: ['eth_src', 'eth_dst', 'flood'] output: True size: 32 table_id: 2
Sep 03 20:58:41 faucet.valve INFO     DPID 2 (0x2) sw2 table ID 3 table config match_types: (('eth_dst', True), ('eth_src', False), ('eth_type', False), ('in_port', False), ('vlan_vid', False)) miss_goto: eth_dst name: eth_src next_tables: ['ipv4_fib', 'ipv6_fib', 'vip', 'eth_dst', 'flood'] output: True set_fields: ('vlan_vid', 'eth_dst') size: 64 table_id: 3 vlan_port_scale: 4.1
Sep 03 20:58:41 faucet.valve INFO     DPID 2 (0x2) sw2 table ID 4 table config dec_ttl: True match_types: (('eth_type', False), ('ipv4_dst', True), ('vlan_vid', False)) name: ipv4_fib next_tables: ['vip', 'eth_dst', 'flood'] output: True set_fields: ('eth_dst', 'eth_src', 'vlan_vid') size: 32 table_id: 4 vlan_port_scale: 3.1
Sep 03 20:58:41 faucet.valve INFO     DPID 2 (0x2) sw2 table ID 5 table config dec_ttl: True match_types: (('eth_type', False), ('ipv6_dst', True), ('vlan_vid', False)) name: ipv6_fib next_tables: ['vip', 'eth_dst', 'flood'] output: True set_fields: ('eth_dst', 'eth_src', 'vlan_vid') size: 32 table_id: 5 vlan_port_scale: 3.1
Sep 03 20:58:41 faucet.valve INFO     DPID 2 (0x2) sw2 table ID 6 table config match_types: (('arp_tpa', False), ('eth_dst', False), ('eth_type', False), ('icmpv6_type', False), ('ip_proto', False)) name: vip next_tables: ['eth_dst', 'flood'] output: True size: 32 table_id: 6 vlan_scale: 8
Sep 03 20:58:41 faucet.valve INFO     DPID 2 (0x2) sw2 table ID 7 table config exact_match: True match_types: (('eth_dst', False), ('vlan_vid', False)) miss_goto: flood name: eth_dst output: True size: 64 table_id: 7 vlan_port_scale: 4.1
Sep 03 20:58:41 faucet.valve INFO     DPID 2 (0x2) sw2 table ID 8 table config match_types: (('eth_dst', True), ('in_port', False), ('vlan_vid', False)) name: flood output: True size: 64 table_id: 8 vlan_port_scale: 7.0
Sep 03 20:58:47 faucet ERROR    unexpected unknown thread termination - check Ryu/process stderr log
Sep 03 20:58:47 faucet.exception ERROR    Unhandled exception, killing RYU
Traceback (most recent call last):
  File "/home/namhust98/sina/faucet/faucet/valve_util.py", line 34, in __koe
    func(*args, **kwargs)
  File "/home/namhust98/sina/faucet/faucet/faucet.py", line 149, in _check_thread_exception
    super(Faucet, self)._check_thread_exception()
  File "/home/namhust98/sina/faucet/faucet/valve_ryuapp.py", line 91, in _check_thread_exception
    raise ValveDeadThreadException
faucet.valve_ryuapp.ValveDeadThreadException
Sep 14 21:01:34 faucet INFO     version 0.0.1.dev20
Sep 14 21:01:34 faucet INFO     Reloading configuration
Sep 14 21:01:34 faucet INFO     configuration /home/namhust98/sina/faucet/venv/etc/faucet/faucet.yaml changed, analyzing differences
Sep 14 21:01:34 faucet.config INFO     including file: /home/namhust98/sina/faucet/venv/etc/faucet/acls.yaml
Sep 14 21:01:34 faucet INFO     Add new datapath DPID 1 (0x1)
Sep 14 21:01:34 faucet.valve INFO     DPID 1 (0x1) sw1 IPv4 routing is active on VLAN office vid:100 tagged: Port 5 untagged: Port 1,Port 2,Port 4 with VIPs ['10.0.100.254/24']
Sep 14 21:01:34 faucet.valve INFO     DPID 1 (0x1) sw1 IPv4 routing is active on VLAN guest vid:200 untagged: Port 3 with VIPs ['10.0.200.254/24']
Sep 14 21:01:34 faucet.valve INFO     DPID 1 (0x1) sw1 IPv6 routing is active on VLAN office vid:100 tagged: Port 5 untagged: Port 1,Port 2,Port 4 with VIPs ['2001:100::1/64', 'fe80::c00:ff:fe00:1001/64']
Sep 14 21:01:34 faucet.valve INFO     DPID 1 (0x1) sw1 IPv6 routing is active on VLAN guest vid:200 untagged: Port 3 with VIPs ['2001:200::1/64', 'fe80::c00:ff:fe00:2001/64']
Sep 14 21:01:34 faucet.valve INFO     DPID 1 (0x1) sw1 table ID 0 table config match_types: (('eth_type', False), ('icmpv6_type', False), ('in_port', False), ('ip_proto', False), ('tcp_dst', False), ('udp_dst', False), ('udp_src', False)) name: port_acl next_tables: ['vlan', 'vip', 'eth_dst', 'flood'] output: True set_fields: ('eth_dst',) size: 32
Sep 14 21:01:34 faucet.valve INFO     DPID 1 (0x1) sw1 table ID 1 table config match_types: (('eth_dst', True), ('eth_type', False), ('in_port', False), ('vlan_vid', False)) name: vlan next_tables: ['vlan_acl', 'eth_src'] output: True set_fields: ('vlan_vid',) size: 32 table_id: 1 vlan_port_scale: 1.5
Sep 14 21:01:34 faucet.valve INFO     DPID 1 (0x1) sw1 table ID 2 table config match_types: (('eth_type', False), ('ipv4_dst', True), ('ipv4_src', True), ('vlan_vid', False)) name: vlan_acl next_tables: ['eth_src', 'eth_dst', 'flood'] output: True size: 32 table_id: 2
Sep 14 21:01:34 faucet.valve INFO     DPID 1 (0x1) sw1 table ID 3 table config match_types: (('eth_dst', True), ('eth_src', False), ('eth_type', False), ('in_port', False), ('vlan_vid', False)) miss_goto: eth_dst name: eth_src next_tables: ['ipv4_fib', 'ipv6_fib', 'vip', 'eth_dst', 'flood'] output: True set_fields: ('vlan_vid', 'eth_dst') size: 64 table_id: 3 vlan_port_scale: 4.1
Sep 14 21:01:34 faucet.valve INFO     DPID 1 (0x1) sw1 table ID 4 table config dec_ttl: True match_types: (('eth_type', False), ('ipv4_dst', True), ('vlan_vid', False)) name: ipv4_fib next_tables: ['vip', 'eth_dst', 'flood'] output: True set_fields: ('eth_dst', 'eth_src', 'vlan_vid') size: 32 table_id: 4 vlan_port_scale: 3.1
Sep 14 21:01:34 faucet.valve INFO     DPID 1 (0x1) sw1 table ID 5 table config dec_ttl: True match_types: (('eth_type', False), ('ipv6_dst', True), ('vlan_vid', False)) name: ipv6_fib next_tables: ['vip', 'eth_dst', 'flood'] output: True set_fields: ('eth_dst', 'eth_src', 'vlan_vid') size: 32 table_id: 5 vlan_port_scale: 3.1
Sep 14 21:01:34 faucet.valve INFO     DPID 1 (0x1) sw1 table ID 6 table config match_types: (('arp_tpa', False), ('eth_dst', False), ('eth_type', False), ('icmpv6_type', False), ('ip_proto', False)) name: vip next_tables: ['eth_dst', 'flood'] output: True size: 32 table_id: 6 vlan_scale: 8
Sep 14 21:01:34 faucet.valve INFO     DPID 1 (0x1) sw1 table ID 7 table config exact_match: True match_types: (('eth_dst', False), ('vlan_vid', False)) miss_goto: flood name: eth_dst output: True size: 64 table_id: 7 vlan_port_scale: 4.1
Sep 14 21:01:34 faucet.valve INFO     DPID 1 (0x1) sw1 table ID 8 table config match_types: (('eth_dst', True), ('in_port', False), ('vlan_vid', False)) name: flood output: True size: 96 table_id: 8 vlan_port_scale: 7.0
Sep 14 21:01:34 faucet INFO     Add new datapath DPID 2 (0x2)
Sep 14 21:01:34 faucet.valve INFO     DPID 2 (0x2) sw2 IPv4 routing is active on VLAN office vid:100 tagged: Port 24 untagged: Port 1 with VIPs ['10.0.100.254/24']
Sep 14 21:01:34 faucet.valve INFO     DPID 2 (0x2) sw2 IPv4 routing is active on VLAN guest vid:200 tagged: Port 24 untagged: Port 2,Port 4 with VIPs ['10.0.200.254/24']
Sep 14 21:01:34 faucet.valve INFO     DPID 2 (0x2) sw2 IPv6 routing is active on VLAN office vid:100 tagged: Port 24 untagged: Port 1 with VIPs ['2001:100::1/64', 'fe80::c00:ff:fe00:1001/64']
Sep 14 21:01:34 faucet.valve INFO     DPID 2 (0x2) sw2 IPv6 routing is active on VLAN guest vid:200 tagged: Port 24 untagged: Port 2,Port 4 with VIPs ['2001:200::1/64', 'fe80::c00:ff:fe00:2001/64']
Sep 14 21:01:34 faucet.valve INFO     DPID 2 (0x2) sw2 table ID 0 table config match_types: (('eth_type', False), ('icmpv6_type', False), ('in_port', False), ('ip_proto', False), ('tcp_dst', False), ('udp_dst', False), ('udp_src', False)) name: port_acl next_tables: ['vlan', 'vip', 'eth_dst', 'flood'] output: True set_fields: ('eth_dst',) size: 32
Sep 14 21:01:34 faucet.valve INFO     DPID 2 (0x2) sw2 table ID 1 table config match_types: (('eth_dst', True), ('eth_type', False), ('in_port', False), ('vlan_vid', False)) name: vlan next_tables: ['vlan_acl', 'eth_src'] output: True set_fields: ('vlan_vid',) size: 32 table_id: 1 vlan_port_scale: 1.5
Sep 14 21:01:34 faucet.valve INFO     DPID 2 (0x2) sw2 table ID 2 table config match_types: (('eth_type', False), ('ipv4_dst', True), ('ipv4_src', True), ('vlan_vid', False)) name: vlan_acl next_tables: ['eth_src', 'eth_dst', 'flood'] output: True size: 32 table_id: 2
Sep 14 21:01:34 faucet.valve INFO     DPID 2 (0x2) sw2 table ID 3 table config match_types: (('eth_dst', True), ('eth_src', False), ('eth_type', False), ('in_port', False), ('vlan_vid', False)) miss_goto: eth_dst name: eth_src next_tables: ['ipv4_fib', 'ipv6_fib', 'vip', 'eth_dst', 'flood'] output: True set_fields: ('vlan_vid', 'eth_dst') size: 64 table_id: 3 vlan_port_scale: 4.1
Sep 14 21:01:34 faucet.valve INFO     DPID 2 (0x2) sw2 table ID 4 table config dec_ttl: True match_types: (('eth_type', False), ('ipv4_dst', True), ('vlan_vid', False)) name: ipv4_fib next_tables: ['vip', 'eth_dst', 'flood'] output: True set_fields: ('eth_dst', 'eth_src', 'vlan_vid') size: 32 table_id: 4 vlan_port_scale: 3.1
Sep 14 21:01:34 faucet.valve INFO     DPID 2 (0x2) sw2 table ID 5 table config dec_ttl: True match_types: (('eth_type', False), ('ipv6_dst', True), ('vlan_vid', False)) name: ipv6_fib next_tables: ['vip', 'eth_dst', 'flood'] output: True set_fields: ('eth_dst', 'eth_src', 'vlan_vid') size: 32 table_id: 5 vlan_port_scale: 3.1
Sep 14 21:01:34 faucet.valve INFO     DPID 2 (0x2) sw2 table ID 6 table config match_types: (('arp_tpa', False), ('eth_dst', False), ('eth_type', False), ('icmpv6_type', False), ('ip_proto', False)) name: vip next_tables: ['eth_dst', 'flood'] output: True size: 32 table_id: 6 vlan_scale: 8
Sep 14 21:01:34 faucet.valve INFO     DPID 2 (0x2) sw2 table ID 7 table config exact_match: True match_types: (('eth_dst', False), ('vlan_vid', False)) miss_goto: flood name: eth_dst output: True size: 64 table_id: 7 vlan_port_scale: 4.1
Sep 14 21:01:34 faucet.valve INFO     DPID 2 (0x2) sw2 table ID 8 table config match_types: (('eth_dst', True), ('in_port', False), ('vlan_vid', False)) name: flood output: True size: 64 table_id: 8 vlan_port_scale: 7.0
Sep 14 21:02:18 faucet.valve INFO     DPID 1 (0x1) sw1 Cold start configuring DP
Sep 14 21:02:18 faucet.valve INFO     DPID 1 (0x1) sw1 Port 1 (host1 container) configured
Sep 14 21:02:18 faucet.valve INFO     DPID 1 (0x1) sw1 Port 2 (host2 container) configured
Sep 14 21:02:18 faucet.valve INFO     DPID 1 (0x1) sw1 Configuring VLAN office vid:100 tagged: Port 5 untagged: Port 1,Port 2,Port 4
Sep 14 21:02:18 faucet.valve INFO     DPID 1 (0x1) sw1 Configuring VLAN guest vid:200 untagged: Port 3
Sep 14 21:02:18 faucet INFO     Send notify success
Sep 14 21:02:18 faucet INFO     Send notify success
Sep 14 21:02:18 faucet INFO     ********************** switch connected **********************
Sep 14 21:02:18 faucet INFO     [(1, <ryu.controller.controller.Datapath object at 0x7f3c6c8e36a0>)]
Sep 14 21:02:19 faucet.valve INFO     DPID 1 (0x1) sw1 L2 learned on Port 2 9a:e4:72:e9:6c:db (L2 type 0x86dd, L2 dst 33:33:ff:e9:6c:db, L3 src ::, L3 dst ff02::1:ffe9:6cdb) Port 2 VLAN 100 (1 hosts total)
Sep 14 21:02:19 faucet.valve INFO     DPID 1 (0x1) sw1 L2 learned on Port 1 4a:cf:33:96:7a:c3 (L2 type 0x86dd, L2 dst 33:33:00:00:00:16, L3 src None, L3 dst None) Port 1 VLAN 100 (2 hosts total)
Sep 14 21:02:20 faucet.valve INFO     DPID 1 (0x1) sw1 status did not change: Port 2 up status True reason MODIFY state 4
Sep 14 21:02:20 faucet INFO     Send notify success
Sep 14 21:02:20 faucet INFO     Send notify success
Sep 14 21:02:20 faucet INFO     ************************** port change ***********************
Sep 14 21:02:20 faucet.valve INFO     DPID 1 (0x1) sw1 L2 learned on Port 2 9a:e4:72:e9:6c:db (L2 type 0x86dd, L2 dst 33:33:00:00:00:02, L3 src fe80::98e4:72ff:fee9:6cdb, L3 dst ff02::2) Port 2 VLAN 100 (2 hosts total)
Sep 14 21:02:20 faucet.valve INFO     DPID 1 (0x1) sw1 Responded to RS solicit from fe80::98e4:72ff:fee9:6cdb (9a:e4:72:e9:6c:db (L2 type 0x86dd, L2 dst 33:33:00:00:00:02, L3 src fe80::98e4:72ff:fee9:6cdb, L3 dst ff02::2) Port 2 VLAN 100)
Sep 14 21:02:20 faucet.valve INFO     DPID 1 (0x1) sw1 Responded to RS solicit from fe80::48cf:33ff:fe96:7ac3 (4a:cf:33:96:7a:c3 (L2 type 0x86dd, L2 dst 33:33:00:00:00:02, L3 src fe80::48cf:33ff:fe96:7ac3, L3 dst ff02::2) Port 1 VLAN 100)
Sep 14 21:02:20 faucet.valve INFO     DPID 1 (0x1) sw1 status did not change: Port 1 up status True reason MODIFY state 4
Sep 14 21:02:20 faucet INFO     Send notify success
Sep 14 21:02:20 faucet INFO     Send notify success
Sep 14 21:02:20 faucet INFO     ************************** port change ***********************
Sep 14 21:02:24 faucet.valve INFO     DPID 1 (0x1) sw1 resolving 10.0.100.2 (1 flows) on VLAN 100
Sep 14 21:02:27 faucet.valve INFO     DPID 1 (0x1) sw1 resolving 10.0.100.2 retry 2 (last attempt was 3s ago; 1 flows) on VLAN 100
Sep 14 21:02:31 faucet.valve INFO     DPID 1 (0x1) sw1 status did not change: Port 1 up status True reason MODIFY state 0
Sep 14 21:02:31 faucet.valve INFO     DPID 1 (0x1) sw1 Port 1 state OFPPS_LIVE reset, ignoring in expectation of port down
Sep 14 21:02:31 faucet.valve INFO     DPID 1 (0x1) sw1 status change: Port 1 up status True reason DELETE state 0
Sep 14 21:02:31 faucet.valve INFO     DPID 1 (0x1) sw1 Port 1 (host1 container) down
Sep 14 21:02:31 faucet INFO     Send notify success
Sep 14 21:02:31 faucet INFO     Send notify success
Sep 14 21:02:31 faucet INFO     ************************** port change ***********************
Sep 14 21:02:31 faucet INFO     Send notify success
Sep 14 21:02:31 faucet INFO     Send notify success
Sep 14 21:02:31 faucet INFO     ************************** port change ***********************
Sep 14 21:02:31 faucet.valve INFO     DPID 1 (0x1) sw1 status change: Port 2 up status True reason DELETE state 4
Sep 14 21:02:31 faucet.valve INFO     DPID 1 (0x1) sw1 Port 2 (host2 container) down
Sep 14 21:02:31 faucet INFO     Send notify success
Sep 14 21:02:31 faucet INFO     Send notify success
Sep 14 21:02:31 faucet INFO     ************************** port change ***********************
Sep 14 21:02:31 faucet.valve WARNING  DPID 1 (0x1) sw1 datapath down
Sep 14 21:02:31 faucet.valve INFO     DPID 1 (0x1) sw1 Port 1 (host1 container) down
Sep 14 21:02:31 faucet.valve INFO     DPID 1 (0x1) sw1 Port 2 (host2 container) down
Sep 14 21:02:31 faucet.valve INFO     DPID 1 (0x1) sw1 Port 3 (guest1 container) down
Sep 14 21:02:31 faucet.valve INFO     DPID 1 (0x1) sw1 Port 4 (services container) down
Sep 14 21:02:31 faucet.valve INFO     DPID 1 (0x1) sw1 Port 5 (VLAN trunk to sw2) down
Sep 14 21:02:31 faucet INFO     Send notify success
Sep 14 21:02:31 faucet INFO     Send notify success
Sep 14 21:02:31 faucet INFO     ********************** switch disconnected *******************
Sep 14 21:02:38 faucet ERROR    unexpected unknown thread termination - check Ryu/process stderr log
Sep 14 21:02:38 faucet.exception ERROR    Unhandled exception, killing RYU
Traceback (most recent call last):
  File "/home/namhust98/sina/faucet/faucet/valve_util.py", line 34, in __koe
    func(*args, **kwargs)
  File "/home/namhust98/sina/faucet/faucet/faucet.py", line 149, in _check_thread_exception
    super(Faucet, self)._check_thread_exception()
  File "/home/namhust98/sina/faucet/faucet/valve_ryuapp.py", line 91, in _check_thread_exception
    raise ValveDeadThreadException
faucet.valve_ryuapp.ValveDeadThreadException
Sep 14 22:16:25 faucet INFO     version 0.0.1.dev20
Sep 14 22:16:25 faucet INFO     Reloading configuration
Sep 14 22:16:25 faucet INFO     configuration /home/namhust98/sina/faucet/venv/etc/faucet/faucet.yaml changed, analyzing differences
Sep 14 22:16:25 faucet.config INFO     including file: /home/namhust98/sina/faucet/venv/etc/faucet/acls.yaml
Sep 14 22:16:25 faucet INFO     Add new datapath DPID 1 (0x1)
Sep 14 22:16:25 faucet.valve INFO     DPID 1 (0x1) sw1 IPv4 routing is active on VLAN office vid:100 tagged: Port 5 untagged: Port 1,Port 2,Port 4 with VIPs ['10.0.100.254/24']
Sep 14 22:16:25 faucet.valve INFO     DPID 1 (0x1) sw1 IPv4 routing is active on VLAN guest vid:200 untagged: Port 3 with VIPs ['10.0.200.254/24']
Sep 14 22:16:25 faucet.valve INFO     DPID 1 (0x1) sw1 IPv6 routing is active on VLAN office vid:100 tagged: Port 5 untagged: Port 1,Port 2,Port 4 with VIPs ['2001:100::1/64', 'fe80::c00:ff:fe00:1001/64']
Sep 14 22:16:25 faucet.valve INFO     DPID 1 (0x1) sw1 IPv6 routing is active on VLAN guest vid:200 untagged: Port 3 with VIPs ['2001:200::1/64', 'fe80::c00:ff:fe00:2001/64']
Sep 14 22:16:25 faucet.valve INFO     DPID 1 (0x1) sw1 table ID 0 table config match_types: (('eth_type', False), ('icmpv6_type', False), ('in_port', False), ('ip_proto', False), ('tcp_dst', False), ('udp_dst', False), ('udp_src', False)) name: port_acl next_tables: ['vlan', 'vip', 'eth_dst', 'flood'] output: True set_fields: ('eth_dst',) size: 32
Sep 14 22:16:25 faucet.valve INFO     DPID 1 (0x1) sw1 table ID 1 table config match_types: (('eth_dst', True), ('eth_type', False), ('in_port', False), ('vlan_vid', False)) name: vlan next_tables: ['vlan_acl', 'eth_src'] output: True set_fields: ('vlan_vid',) size: 32 table_id: 1 vlan_port_scale: 1.5
Sep 14 22:16:25 faucet.valve INFO     DPID 1 (0x1) sw1 table ID 2 table config match_types: (('eth_type', False), ('ipv4_dst', True), ('ipv4_src', True), ('vlan_vid', False)) name: vlan_acl next_tables: ['eth_src', 'eth_dst', 'flood'] output: True size: 32 table_id: 2
Sep 14 22:16:25 faucet.valve INFO     DPID 1 (0x1) sw1 table ID 3 table config match_types: (('eth_dst', True), ('eth_src', False), ('eth_type', False), ('in_port', False), ('vlan_vid', False)) miss_goto: eth_dst name: eth_src next_tables: ['ipv4_fib', 'ipv6_fib', 'vip', 'eth_dst', 'flood'] output: True set_fields: ('vlan_vid', 'eth_dst') size: 64 table_id: 3 vlan_port_scale: 4.1
Sep 14 22:16:25 faucet.valve INFO     DPID 1 (0x1) sw1 table ID 4 table config dec_ttl: True match_types: (('eth_type', False), ('ipv4_dst', True), ('vlan_vid', False)) name: ipv4_fib next_tables: ['vip', 'eth_dst', 'flood'] output: True set_fields: ('eth_dst', 'eth_src', 'vlan_vid') size: 32 table_id: 4 vlan_port_scale: 3.1
Sep 14 22:16:25 faucet.valve INFO     DPID 1 (0x1) sw1 table ID 5 table config dec_ttl: True match_types: (('eth_type', False), ('ipv6_dst', True), ('vlan_vid', False)) name: ipv6_fib next_tables: ['vip', 'eth_dst', 'flood'] output: True set_fields: ('eth_dst', 'eth_src', 'vlan_vid') size: 32 table_id: 5 vlan_port_scale: 3.1
Sep 14 22:16:25 faucet.valve INFO     DPID 1 (0x1) sw1 table ID 6 table config match_types: (('arp_tpa', False), ('eth_dst', False), ('eth_type', False), ('icmpv6_type', False), ('ip_proto', False)) name: vip next_tables: ['eth_dst', 'flood'] output: True size: 32 table_id: 6 vlan_scale: 8
Sep 14 22:16:25 faucet.valve INFO     DPID 1 (0x1) sw1 table ID 7 table config exact_match: True match_types: (('eth_dst', False), ('vlan_vid', False)) miss_goto: flood name: eth_dst output: True size: 64 table_id: 7 vlan_port_scale: 4.1
Sep 14 22:16:25 faucet.valve INFO     DPID 1 (0x1) sw1 table ID 8 table config match_types: (('eth_dst', True), ('in_port', False), ('vlan_vid', False)) name: flood output: True size: 96 table_id: 8 vlan_port_scale: 7.0
Sep 14 22:16:25 faucet INFO     Add new datapath DPID 2 (0x2)
Sep 14 22:16:25 faucet.valve INFO     DPID 2 (0x2) sw2 IPv4 routing is active on VLAN office vid:100 tagged: Port 24 untagged: Port 1 with VIPs ['10.0.100.254/24']
Sep 14 22:16:25 faucet.valve INFO     DPID 2 (0x2) sw2 IPv4 routing is active on VLAN guest vid:200 tagged: Port 24 untagged: Port 2,Port 4 with VIPs ['10.0.200.254/24']
Sep 14 22:16:25 faucet.valve INFO     DPID 2 (0x2) sw2 IPv6 routing is active on VLAN office vid:100 tagged: Port 24 untagged: Port 1 with VIPs ['2001:100::1/64', 'fe80::c00:ff:fe00:1001/64']
Sep 14 22:16:25 faucet.valve INFO     DPID 2 (0x2) sw2 IPv6 routing is active on VLAN guest vid:200 tagged: Port 24 untagged: Port 2,Port 4 with VIPs ['2001:200::1/64', 'fe80::c00:ff:fe00:2001/64']
Sep 14 22:16:25 faucet.valve INFO     DPID 2 (0x2) sw2 table ID 0 table config match_types: (('eth_type', False), ('icmpv6_type', False), ('in_port', False), ('ip_proto', False), ('tcp_dst', False), ('udp_dst', False), ('udp_src', False)) name: port_acl next_tables: ['vlan', 'vip', 'eth_dst', 'flood'] output: True set_fields: ('eth_dst',) size: 32
Sep 14 22:16:25 faucet.valve INFO     DPID 2 (0x2) sw2 table ID 1 table config match_types: (('eth_dst', True), ('eth_type', False), ('in_port', False), ('vlan_vid', False)) name: vlan next_tables: ['vlan_acl', 'eth_src'] output: True set_fields: ('vlan_vid',) size: 32 table_id: 1 vlan_port_scale: 1.5
Sep 14 22:16:25 faucet.valve INFO     DPID 2 (0x2) sw2 table ID 2 table config match_types: (('eth_type', False), ('ipv4_dst', True), ('ipv4_src', True), ('vlan_vid', False)) name: vlan_acl next_tables: ['eth_src', 'eth_dst', 'flood'] output: True size: 32 table_id: 2
Sep 14 22:16:25 faucet.valve INFO     DPID 2 (0x2) sw2 table ID 3 table config match_types: (('eth_dst', True), ('eth_src', False), ('eth_type', False), ('in_port', False), ('vlan_vid', False)) miss_goto: eth_dst name: eth_src next_tables: ['ipv4_fib', 'ipv6_fib', 'vip', 'eth_dst', 'flood'] output: True set_fields: ('vlan_vid', 'eth_dst') size: 64 table_id: 3 vlan_port_scale: 4.1
Sep 14 22:16:25 faucet.valve INFO     DPID 2 (0x2) sw2 table ID 4 table config dec_ttl: True match_types: (('eth_type', False), ('ipv4_dst', True), ('vlan_vid', False)) name: ipv4_fib next_tables: ['vip', 'eth_dst', 'flood'] output: True set_fields: ('eth_dst', 'eth_src', 'vlan_vid') size: 32 table_id: 4 vlan_port_scale: 3.1
Sep 14 22:16:25 faucet.valve INFO     DPID 2 (0x2) sw2 table ID 5 table config dec_ttl: True match_types: (('eth_type', False), ('ipv6_dst', True), ('vlan_vid', False)) name: ipv6_fib next_tables: ['vip', 'eth_dst', 'flood'] output: True set_fields: ('eth_dst', 'eth_src', 'vlan_vid') size: 32 table_id: 5 vlan_port_scale: 3.1
Sep 14 22:16:25 faucet.valve INFO     DPID 2 (0x2) sw2 table ID 6 table config match_types: (('arp_tpa', False), ('eth_dst', False), ('eth_type', False), ('icmpv6_type', False), ('ip_proto', False)) name: vip next_tables: ['eth_dst', 'flood'] output: True size: 32 table_id: 6 vlan_scale: 8
Sep 14 22:16:25 faucet.valve INFO     DPID 2 (0x2) sw2 table ID 7 table config exact_match: True match_types: (('eth_dst', False), ('vlan_vid', False)) miss_goto: flood name: eth_dst output: True size: 64 table_id: 7 vlan_port_scale: 4.1
Sep 14 22:16:25 faucet.valve INFO     DPID 2 (0x2) sw2 table ID 8 table config match_types: (('eth_dst', True), ('in_port', False), ('vlan_vid', False)) name: flood output: True size: 64 table_id: 8 vlan_port_scale: 7.0
Sep 14 22:17:49 faucet.valve INFO     DPID 1 (0x1) sw1 Cold start configuring DP
Sep 14 22:17:49 faucet.valve INFO     DPID 1 (0x1) sw1 Port 1 (host1 container) configured
Sep 14 22:17:49 faucet.valve INFO     DPID 1 (0x1) sw1 Port 2 (host2 container) configured
Sep 14 22:17:49 faucet.valve INFO     DPID 1 (0x1) sw1 Configuring VLAN office vid:100 tagged: Port 5 untagged: Port 1,Port 2,Port 4
Sep 14 22:17:49 faucet.valve INFO     DPID 1 (0x1) sw1 Configuring VLAN guest vid:200 untagged: Port 3
Sep 14 22:17:49 faucet INFO     Send notify success
Sep 14 22:17:49 faucet INFO     Send notify success
Sep 14 22:17:49 faucet INFO     ********************** switch connected **********************
Sep 14 22:17:49 faucet INFO     [(1, <ryu.controller.controller.Datapath object at 0x7f3e8179e630>)]
Sep 14 22:17:49 faucet.valve INFO     DPID 1 (0x1) sw1 L2 learned on Port 2 72:60:a6:49:1c:c6 (L2 type 0x86dd, L2 dst 33:33:ff:49:1c:c6, L3 src ::, L3 dst ff02::1:ff49:1cc6) Port 2 VLAN 100 (1 hosts total)
Sep 14 22:17:50 faucet.valve INFO     DPID 1 (0x1) sw1 L2 learned on Port 1 da:77:8d:4e:1e:47 (L2 type 0x86dd, L2 dst 33:33:ff:4e:1e:47, L3 src ::, L3 dst ff02::1:ff4e:1e47) Port 1 VLAN 100 (2 hosts total)
Sep 14 22:17:50 faucet.valve INFO     DPID 1 (0x1) sw1 Responded to RS solicit from fe80::7060:a6ff:fe49:1cc6 (72:60:a6:49:1c:c6 (L2 type 0x86dd, L2 dst 33:33:00:00:00:02, L3 src fe80::7060:a6ff:fe49:1cc6, L3 dst ff02::2) Port 2 VLAN 100)
Sep 14 22:17:51 faucet.valve INFO     DPID 1 (0x1) sw1 Responded to RS solicit from fe80::d877:8dff:fe4e:1e47 (da:77:8d:4e:1e:47 (L2 type 0x86dd, L2 dst 33:33:00:00:00:02, L3 src fe80::d877:8dff:fe4e:1e47, L3 dst ff02::2) Port 1 VLAN 100)
Sep 14 22:17:51 faucet.valve INFO     DPID 1 (0x1) sw1 status did not change: Port 2 up status True reason MODIFY state 4
Sep 14 22:17:51 faucet INFO     Send notify success
Sep 14 22:17:51 faucet INFO     Send notify success
Sep 14 22:17:51 faucet INFO     ************************** port change ***********************
Sep 14 22:17:51 faucet.valve INFO     DPID 1 (0x1) sw1 status did not change: Port 1 up status True reason MODIFY state 4
Sep 14 22:17:51 faucet INFO     Send notify success
Sep 14 22:17:51 faucet INFO     Send notify success
Sep 14 22:17:51 faucet INFO     ************************** port change ***********************
Sep 14 22:17:54 faucet.valve INFO     DPID 1 (0x1) sw1 resolving 10.0.100.2 (1 flows) on VLAN 100
Sep 14 22:17:58 faucet.valve INFO     DPID 1 (0x1) sw1 resolving 10.0.100.2 retry 2 (last attempt was 3s ago; 1 flows) on VLAN 100
Sep 14 22:18:08 faucet.valve INFO     DPID 1 (0x1) sw1 resolving 10.0.100.2 retry 3 (last attempt was 9s ago; 1 flows) on VLAN 100
Sep 14 22:18:17 faucet.valve INFO     DPID 1 (0x1) sw1 status did not change: Port 1 up status True reason MODIFY state 0
Sep 14 22:18:17 faucet.valve INFO     DPID 1 (0x1) sw1 Port 1 state OFPPS_LIVE reset, ignoring in expectation of port down
Sep 14 22:18:17 faucet.valve INFO     DPID 1 (0x1) sw1 status change: Port 1 up status True reason DELETE state 0
Sep 14 22:18:17 faucet.valve INFO     DPID 1 (0x1) sw1 Port 1 (host1 container) down
Sep 14 22:18:17 faucet INFO     Send notify success
Sep 14 22:18:17 faucet INFO     Send notify success
Sep 14 22:18:17 faucet INFO     ************************** port change ***********************
Sep 14 22:18:17 faucet INFO     Send notify success
Sep 14 22:18:17 faucet INFO     Send notify success
Sep 14 22:18:17 faucet INFO     ************************** port change ***********************
Sep 14 22:18:17 faucet.valve INFO     DPID 1 (0x1) sw1 status change: Port 2 up status True reason DELETE state 4
Sep 14 22:18:17 faucet.valve INFO     DPID 1 (0x1) sw1 Port 2 (host2 container) down
Sep 14 22:18:17 faucet INFO     Send notify success
Sep 14 22:18:18 faucet INFO     Send notify success
Sep 14 22:18:18 faucet INFO     ************************** port change ***********************
Sep 14 22:18:18 faucet.valve WARNING  DPID 1 (0x1) sw1 datapath down
Sep 14 22:18:18 faucet.valve INFO     DPID 1 (0x1) sw1 Port 1 (host1 container) down
Sep 14 22:18:18 faucet.valve INFO     DPID 1 (0x1) sw1 Port 2 (host2 container) down
Sep 14 22:18:18 faucet.valve INFO     DPID 1 (0x1) sw1 Port 3 (guest1 container) down
Sep 14 22:18:18 faucet.valve INFO     DPID 1 (0x1) sw1 Port 4 (services container) down
Sep 14 22:18:18 faucet.valve INFO     DPID 1 (0x1) sw1 Port 5 (VLAN trunk to sw2) down
Sep 14 22:18:18 faucet INFO     Send notify success
Sep 14 22:18:18 faucet INFO     Send notify success
Sep 14 22:18:18 faucet INFO     ********************** switch disconnected *******************
Sep 14 22:40:58 faucet ERROR    unexpected unknown thread termination - check Ryu/process stderr log
Sep 14 22:40:58 faucet.exception ERROR    Unhandled exception, killing RYU
Traceback (most recent call last):
  File "/home/namhust98/sina/faucet/faucet/valve_util.py", line 34, in __koe
    func(*args, **kwargs)
  File "/home/namhust98/sina/faucet/faucet/faucet.py", line 149, in _check_thread_exception
    super(Faucet, self)._check_thread_exception()
  File "/home/namhust98/sina/faucet/faucet/valve_ryuapp.py", line 91, in _check_thread_exception
    raise ValveDeadThreadException
faucet.valve_ryuapp.ValveDeadThreadException
Sep 15 10:12:57 faucet INFO     version 0.0.1.dev20
Sep 15 10:12:57 faucet INFO     Reloading configuration
Sep 15 10:12:57 faucet INFO     configuration /home/namhust98/sina/faucet/venv/etc/faucet/faucet.yaml changed, analyzing differences
Sep 15 10:12:57 faucet.config INFO     including file: /home/namhust98/sina/faucet/venv/etc/faucet/acls.yaml
Sep 15 10:12:57 faucet INFO     Add new datapath DPID 1 (0x1)
Sep 15 10:12:57 faucet.valve INFO     DPID 1 (0x1) sw1 IPv4 routing is active on VLAN office vid:100 tagged: Port 5 untagged: Port 1,Port 2,Port 4 with VIPs ['10.0.100.254/24']
Sep 15 10:12:57 faucet.valve INFO     DPID 1 (0x1) sw1 IPv4 routing is active on VLAN guest vid:200 untagged: Port 3 with VIPs ['10.0.200.254/24']
Sep 15 10:12:57 faucet.valve INFO     DPID 1 (0x1) sw1 IPv6 routing is active on VLAN office vid:100 tagged: Port 5 untagged: Port 1,Port 2,Port 4 with VIPs ['2001:100::1/64', 'fe80::c00:ff:fe00:1001/64']
Sep 15 10:12:57 faucet.valve INFO     DPID 1 (0x1) sw1 IPv6 routing is active on VLAN guest vid:200 untagged: Port 3 with VIPs ['2001:200::1/64', 'fe80::c00:ff:fe00:2001/64']
Sep 15 10:12:57 faucet.valve INFO     DPID 1 (0x1) sw1 table ID 0 table config match_types: (('eth_type', False), ('icmpv6_type', False), ('in_port', False), ('ip_proto', False), ('tcp_dst', False), ('udp_dst', False), ('udp_src', False)) name: port_acl next_tables: ['vlan', 'vip', 'eth_dst', 'flood'] output: True set_fields: ('eth_dst',) size: 32
Sep 15 10:12:57 faucet.valve INFO     DPID 1 (0x1) sw1 table ID 1 table config match_types: (('eth_dst', True), ('eth_type', False), ('in_port', False), ('vlan_vid', False)) name: vlan next_tables: ['vlan_acl', 'eth_src'] output: True set_fields: ('vlan_vid',) size: 32 table_id: 1 vlan_port_scale: 1.5
Sep 15 10:12:57 faucet.valve INFO     DPID 1 (0x1) sw1 table ID 2 table config match_types: (('eth_type', False), ('ipv4_dst', True), ('ipv4_src', True), ('vlan_vid', False)) name: vlan_acl next_tables: ['eth_src', 'eth_dst', 'flood'] output: True size: 32 table_id: 2
Sep 15 10:12:57 faucet.valve INFO     DPID 1 (0x1) sw1 table ID 3 table config match_types: (('eth_dst', True), ('eth_src', False), ('eth_type', False), ('in_port', False), ('vlan_vid', False)) miss_goto: eth_dst name: eth_src next_tables: ['ipv4_fib', 'ipv6_fib', 'vip', 'eth_dst', 'flood'] output: True set_fields: ('vlan_vid', 'eth_dst') size: 64 table_id: 3 vlan_port_scale: 4.1
Sep 15 10:12:57 faucet.valve INFO     DPID 1 (0x1) sw1 table ID 4 table config dec_ttl: True match_types: (('eth_type', False), ('ipv4_dst', True), ('vlan_vid', False)) name: ipv4_fib next_tables: ['vip', 'eth_dst', 'flood'] output: True set_fields: ('eth_dst', 'eth_src', 'vlan_vid') size: 32 table_id: 4 vlan_port_scale: 3.1
Sep 15 10:12:57 faucet.valve INFO     DPID 1 (0x1) sw1 table ID 5 table config dec_ttl: True match_types: (('eth_type', False), ('ipv6_dst', True), ('vlan_vid', False)) name: ipv6_fib next_tables: ['vip', 'eth_dst', 'flood'] output: True set_fields: ('eth_dst', 'eth_src', 'vlan_vid') size: 32 table_id: 5 vlan_port_scale: 3.1
Sep 15 10:12:57 faucet.valve INFO     DPID 1 (0x1) sw1 table ID 6 table config match_types: (('arp_tpa', False), ('eth_dst', False), ('eth_type', False), ('icmpv6_type', False), ('ip_proto', False)) name: vip next_tables: ['eth_dst', 'flood'] output: True size: 32 table_id: 6 vlan_scale: 8
Sep 15 10:12:57 faucet.valve INFO     DPID 1 (0x1) sw1 table ID 7 table config exact_match: True match_types: (('eth_dst', False), ('vlan_vid', False)) miss_goto: flood name: eth_dst output: True size: 64 table_id: 7 vlan_port_scale: 4.1
Sep 15 10:12:57 faucet.valve INFO     DPID 1 (0x1) sw1 table ID 8 table config match_types: (('eth_dst', True), ('in_port', False), ('vlan_vid', False)) name: flood output: True size: 96 table_id: 8 vlan_port_scale: 7.0
Sep 15 10:12:57 faucet INFO     Add new datapath DPID 2 (0x2)
Sep 15 10:12:57 faucet.valve INFO     DPID 2 (0x2) sw2 IPv4 routing is active on VLAN office vid:100 tagged: Port 24 untagged: Port 1 with VIPs ['10.0.100.254/24']
Sep 15 10:12:57 faucet.valve INFO     DPID 2 (0x2) sw2 IPv4 routing is active on VLAN guest vid:200 tagged: Port 24 untagged: Port 2,Port 4 with VIPs ['10.0.200.254/24']
Sep 15 10:12:57 faucet.valve INFO     DPID 2 (0x2) sw2 IPv6 routing is active on VLAN office vid:100 tagged: Port 24 untagged: Port 1 with VIPs ['2001:100::1/64', 'fe80::c00:ff:fe00:1001/64']
Sep 15 10:12:57 faucet.valve INFO     DPID 2 (0x2) sw2 IPv6 routing is active on VLAN guest vid:200 tagged: Port 24 untagged: Port 2,Port 4 with VIPs ['2001:200::1/64', 'fe80::c00:ff:fe00:2001/64']
Sep 15 10:12:57 faucet.valve INFO     DPID 2 (0x2) sw2 table ID 0 table config match_types: (('eth_type', False), ('icmpv6_type', False), ('in_port', False), ('ip_proto', False), ('tcp_dst', False), ('udp_dst', False), ('udp_src', False)) name: port_acl next_tables: ['vlan', 'vip', 'eth_dst', 'flood'] output: True set_fields: ('eth_dst',) size: 32
Sep 15 10:12:57 faucet.valve INFO     DPID 2 (0x2) sw2 table ID 1 table config match_types: (('eth_dst', True), ('eth_type', False), ('in_port', False), ('vlan_vid', False)) name: vlan next_tables: ['vlan_acl', 'eth_src'] output: True set_fields: ('vlan_vid',) size: 32 table_id: 1 vlan_port_scale: 1.5
Sep 15 10:12:57 faucet.valve INFO     DPID 2 (0x2) sw2 table ID 2 table config match_types: (('eth_type', False), ('ipv4_dst', True), ('ipv4_src', True), ('vlan_vid', False)) name: vlan_acl next_tables: ['eth_src', 'eth_dst', 'flood'] output: True size: 32 table_id: 2
Sep 15 10:12:57 faucet.valve INFO     DPID 2 (0x2) sw2 table ID 3 table config match_types: (('eth_dst', True), ('eth_src', False), ('eth_type', False), ('in_port', False), ('vlan_vid', False)) miss_goto: eth_dst name: eth_src next_tables: ['ipv4_fib', 'ipv6_fib', 'vip', 'eth_dst', 'flood'] output: True set_fields: ('vlan_vid', 'eth_dst') size: 64 table_id: 3 vlan_port_scale: 4.1
Sep 15 10:12:57 faucet.valve INFO     DPID 2 (0x2) sw2 table ID 4 table config dec_ttl: True match_types: (('eth_type', False), ('ipv4_dst', True), ('vlan_vid', False)) name: ipv4_fib next_tables: ['vip', 'eth_dst', 'flood'] output: True set_fields: ('eth_dst', 'eth_src', 'vlan_vid') size: 32 table_id: 4 vlan_port_scale: 3.1
Sep 15 10:12:57 faucet.valve INFO     DPID 2 (0x2) sw2 table ID 5 table config dec_ttl: True match_types: (('eth_type', False), ('ipv6_dst', True), ('vlan_vid', False)) name: ipv6_fib next_tables: ['vip', 'eth_dst', 'flood'] output: True set_fields: ('eth_dst', 'eth_src', 'vlan_vid') size: 32 table_id: 5 vlan_port_scale: 3.1
Sep 15 10:12:57 faucet.valve INFO     DPID 2 (0x2) sw2 table ID 6 table config match_types: (('arp_tpa', False), ('eth_dst', False), ('eth_type', False), ('icmpv6_type', False), ('ip_proto', False)) name: vip next_tables: ['eth_dst', 'flood'] output: True size: 32 table_id: 6 vlan_scale: 8
Sep 15 10:12:57 faucet.valve INFO     DPID 2 (0x2) sw2 table ID 7 table config exact_match: True match_types: (('eth_dst', False), ('vlan_vid', False)) miss_goto: flood name: eth_dst output: True size: 64 table_id: 7 vlan_port_scale: 4.1
Sep 15 10:12:57 faucet.valve INFO     DPID 2 (0x2) sw2 table ID 8 table config match_types: (('eth_dst', True), ('in_port', False), ('vlan_vid', False)) name: flood output: True size: 64 table_id: 8 vlan_port_scale: 7.0
Sep 15 10:18:10 faucet.valve INFO     DPID 1 (0x1) sw1 Cold start configuring DP
Sep 15 10:18:10 faucet.valve INFO     DPID 1 (0x1) sw1 Port 1 (host1 container) configured
Sep 15 10:18:10 faucet.valve INFO     DPID 1 (0x1) sw1 Port 2 (host2 container) configured
Sep 15 10:18:10 faucet.valve INFO     DPID 1 (0x1) sw1 Configuring VLAN office vid:100 tagged: Port 5 untagged: Port 1,Port 2,Port 4
Sep 15 10:18:10 faucet.valve INFO     DPID 1 (0x1) sw1 Configuring VLAN guest vid:200 untagged: Port 3
Sep 15 10:18:11 faucet INFO     Send notify success
Sep 15 10:18:11 faucet INFO     Send notify success
Sep 15 10:18:11 faucet INFO     ********************** switch connected **********************
Sep 15 10:18:11 faucet INFO     [(1, <ryu.controller.controller.Datapath object at 0x7f7caad14828>)]
Sep 15 10:18:11 faucet.valve INFO     DPID 1 (0x1) sw1 L2 learned on Port 1 0e:52:81:dc:b9:fa (L2 type 0x86dd, L2 dst 33:33:ff:dc:b9:fa, L3 src ::, L3 dst ff02::1:ffdc:b9fa) Port 1 VLAN 100 (1 hosts total)
Sep 15 10:18:11 faucet.valve INFO     DPID 1 (0x1) sw1 L2 learned on Port 2 ee:e4:0c:a1:cd:e3 (L2 type 0x86dd, L2 dst 33:33:00:00:00:16, L3 src None, L3 dst None) Port 2 VLAN 100 (2 hosts total)
Sep 15 10:18:12 faucet.valve INFO     DPID 1 (0x1) sw1 status did not change: Port 1 up status True reason MODIFY state 4
Sep 15 10:18:12 faucet INFO     Send notify success
Sep 15 10:18:12 faucet INFO     Send notify success
Sep 15 10:18:12 faucet INFO     ************************** port change ***********************
Sep 15 10:18:12 faucet.valve INFO     DPID 1 (0x1) sw1 L2 learned on Port 1 0e:52:81:dc:b9:fa (L2 type 0x86dd, L2 dst 33:33:00:00:00:02, L3 src fe80::c52:81ff:fedc:b9fa, L3 dst ff02::2) Port 1 VLAN 100 (2 hosts total)
Sep 15 10:18:12 faucet.valve INFO     DPID 1 (0x1) sw1 Responded to RS solicit from fe80::c52:81ff:fedc:b9fa (0e:52:81:dc:b9:fa (L2 type 0x86dd, L2 dst 33:33:00:00:00:02, L3 src fe80::c52:81ff:fedc:b9fa, L3 dst ff02::2) Port 1 VLAN 100)
Sep 15 10:18:12 faucet.valve INFO     DPID 1 (0x1) sw1 Responded to RS solicit from fe80::ece4:cff:fea1:cde3 (ee:e4:0c:a1:cd:e3 (L2 type 0x86dd, L2 dst 33:33:00:00:00:02, L3 src fe80::ece4:cff:fea1:cde3, L3 dst ff02::2) Port 2 VLAN 100)
Sep 15 10:18:12 faucet.valve INFO     DPID 1 (0x1) sw1 status did not change: Port 2 up status True reason MODIFY state 4
Sep 15 10:18:12 faucet INFO     Send notify success
Sep 15 10:18:12 faucet INFO     Send notify success
Sep 15 10:18:12 faucet INFO     ************************** port change ***********************
Sep 15 10:18:15 faucet.valve INFO     DPID 1 (0x1) sw1 resolving 10.0.100.2 (1 flows) on VLAN 100
Sep 15 10:18:18 faucet.valve INFO     DPID 1 (0x1) sw1 resolving 10.0.100.2 retry 2 (last attempt was 3s ago; 1 flows) on VLAN 100
Sep 15 10:18:25 faucet.valve INFO     DPID 1 (0x1) sw1 resolving 10.0.100.2 retry 3 (last attempt was 6s ago; 1 flows) on VLAN 100
Sep 15 10:18:35 faucet.valve INFO     DPID 1 (0x1) sw1 resolving 10.0.100.2 retry 4 (last attempt was 10s ago; 1 flows) on VLAN 100
Sep 15 10:18:55 faucet.valve INFO     DPID 1 (0x1) sw1 resolving 10.0.100.2 retry 5 (last attempt was 19s ago; 1 flows) on VLAN 100
Sep 15 10:19:31 faucet.valve INFO     DPID 1 (0x1) sw1 resolving 10.0.100.2 retry 6 (last attempt was 36s ago; 1 flows) on VLAN 100
Sep 15 10:20:37 faucet.valve INFO     DPID 1 (0x1) sw1 resolving 10.0.100.2 retry 7 (last attempt was 65s ago; 1 flows) on VLAN 100
Sep 15 10:21:42 faucet.valve INFO     DPID 1 (0x1) sw1 resolving 10.0.100.2 retry 8 (last attempt was 64s ago; 1 flows) on VLAN 100
Sep 15 10:22:32 faucet ERROR    unexpected unknown thread termination - check Ryu/process stderr log
Sep 15 10:22:32 faucet.exception ERROR    Unhandled exception, killing RYU
Traceback (most recent call last):
  File "/home/namhust98/sina/faucet/faucet/valve_util.py", line 34, in __koe
    func(*args, **kwargs)
  File "/home/namhust98/sina/faucet/faucet/faucet.py", line 149, in _check_thread_exception
    super(Faucet, self)._check_thread_exception()
  File "/home/namhust98/sina/faucet/faucet/valve_ryuapp.py", line 91, in _check_thread_exception
    raise ValveDeadThreadException
faucet.valve_ryuapp.ValveDeadThreadException
Sep 15 10:22:35 faucet INFO     version 0.0.1.dev20
Sep 15 10:22:35 faucet INFO     Reloading configuration
Sep 15 10:22:35 faucet INFO     configuration /home/namhust98/sina/faucet/venv/etc/faucet/faucet.yaml changed, analyzing differences
Sep 15 10:22:35 faucet.config INFO     including file: /home/namhust98/sina/faucet/venv/etc/faucet/acls.yaml
Sep 15 10:22:35 faucet INFO     Add new datapath DPID 1 (0x1)
Sep 15 10:22:35 faucet.valve INFO     DPID 1 (0x1) sw1 IPv4 routing is active on VLAN office vid:100 tagged: Port 5 untagged: Port 1,Port 2,Port 4 with VIPs ['10.0.100.254/24']
Sep 15 10:22:35 faucet.valve INFO     DPID 1 (0x1) sw1 IPv4 routing is active on VLAN guest vid:200 untagged: Port 3 with VIPs ['10.0.200.254/24']
Sep 15 10:22:35 faucet.valve INFO     DPID 1 (0x1) sw1 IPv6 routing is active on VLAN office vid:100 tagged: Port 5 untagged: Port 1,Port 2,Port 4 with VIPs ['2001:100::1/64', 'fe80::c00:ff:fe00:1001/64']
Sep 15 10:22:35 faucet.valve INFO     DPID 1 (0x1) sw1 IPv6 routing is active on VLAN guest vid:200 untagged: Port 3 with VIPs ['2001:200::1/64', 'fe80::c00:ff:fe00:2001/64']
Sep 15 10:22:35 faucet.valve INFO     DPID 1 (0x1) sw1 table ID 0 table config match_types: (('eth_type', False), ('icmpv6_type', False), ('in_port', False), ('ip_proto', False), ('tcp_dst', False), ('udp_dst', False), ('udp_src', False)) name: port_acl next_tables: ['vlan', 'vip', 'eth_dst', 'flood'] output: True set_fields: ('eth_dst',) size: 32
Sep 15 10:22:35 faucet.valve INFO     DPID 1 (0x1) sw1 table ID 1 table config match_types: (('eth_dst', True), ('eth_type', False), ('in_port', False), ('vlan_vid', False)) name: vlan next_tables: ['vlan_acl', 'eth_src'] output: True set_fields: ('vlan_vid',) size: 32 table_id: 1 vlan_port_scale: 1.5
Sep 15 10:22:35 faucet.valve INFO     DPID 1 (0x1) sw1 table ID 2 table config match_types: (('eth_type', False), ('ipv4_dst', True), ('ipv4_src', True), ('vlan_vid', False)) name: vlan_acl next_tables: ['eth_src', 'eth_dst', 'flood'] output: True size: 32 table_id: 2
Sep 15 10:22:35 faucet.valve INFO     DPID 1 (0x1) sw1 table ID 3 table config match_types: (('eth_dst', True), ('eth_src', False), ('eth_type', False), ('in_port', False), ('vlan_vid', False)) miss_goto: eth_dst name: eth_src next_tables: ['ipv4_fib', 'ipv6_fib', 'vip', 'eth_dst', 'flood'] output: True set_fields: ('vlan_vid', 'eth_dst') size: 64 table_id: 3 vlan_port_scale: 4.1
Sep 15 10:22:35 faucet.valve INFO     DPID 1 (0x1) sw1 table ID 4 table config dec_ttl: True match_types: (('eth_type', False), ('ipv4_dst', True), ('vlan_vid', False)) name: ipv4_fib next_tables: ['vip', 'eth_dst', 'flood'] output: True set_fields: ('eth_dst', 'eth_src', 'vlan_vid') size: 32 table_id: 4 vlan_port_scale: 3.1
Sep 15 10:22:35 faucet.valve INFO     DPID 1 (0x1) sw1 table ID 5 table config dec_ttl: True match_types: (('eth_type', False), ('ipv6_dst', True), ('vlan_vid', False)) name: ipv6_fib next_tables: ['vip', 'eth_dst', 'flood'] output: True set_fields: ('eth_dst', 'eth_src', 'vlan_vid') size: 32 table_id: 5 vlan_port_scale: 3.1
Sep 15 10:22:35 faucet.valve INFO     DPID 1 (0x1) sw1 table ID 6 table config match_types: (('arp_tpa', False), ('eth_dst', False), ('eth_type', False), ('icmpv6_type', False), ('ip_proto', False)) name: vip next_tables: ['eth_dst', 'flood'] output: True size: 32 table_id: 6 vlan_scale: 8
Sep 15 10:22:35 faucet.valve INFO     DPID 1 (0x1) sw1 table ID 7 table config exact_match: True match_types: (('eth_dst', False), ('vlan_vid', False)) miss_goto: flood name: eth_dst output: True size: 64 table_id: 7 vlan_port_scale: 4.1
Sep 15 10:22:35 faucet.valve INFO     DPID 1 (0x1) sw1 table ID 8 table config match_types: (('eth_dst', True), ('in_port', False), ('vlan_vid', False)) name: flood output: True size: 96 table_id: 8 vlan_port_scale: 7.0
Sep 15 10:22:35 faucet INFO     Add new datapath DPID 2 (0x2)
Sep 15 10:22:35 faucet.valve INFO     DPID 2 (0x2) sw2 IPv4 routing is active on VLAN office vid:100 tagged: Port 24 untagged: Port 1 with VIPs ['10.0.100.254/24']
Sep 15 10:22:35 faucet.valve INFO     DPID 2 (0x2) sw2 IPv4 routing is active on VLAN guest vid:200 tagged: Port 24 untagged: Port 2,Port 4 with VIPs ['10.0.200.254/24']
Sep 15 10:22:35 faucet.valve INFO     DPID 2 (0x2) sw2 IPv6 routing is active on VLAN office vid:100 tagged: Port 24 untagged: Port 1 with VIPs ['2001:100::1/64', 'fe80::c00:ff:fe00:1001/64']
Sep 15 10:22:35 faucet.valve INFO     DPID 2 (0x2) sw2 IPv6 routing is active on VLAN guest vid:200 tagged: Port 24 untagged: Port 2,Port 4 with VIPs ['2001:200::1/64', 'fe80::c00:ff:fe00:2001/64']
Sep 15 10:22:35 faucet.valve INFO     DPID 2 (0x2) sw2 table ID 0 table config match_types: (('eth_type', False), ('icmpv6_type', False), ('in_port', False), ('ip_proto', False), ('tcp_dst', False), ('udp_dst', False), ('udp_src', False)) name: port_acl next_tables: ['vlan', 'vip', 'eth_dst', 'flood'] output: True set_fields: ('eth_dst',) size: 32
Sep 15 10:22:35 faucet.valve INFO     DPID 2 (0x2) sw2 table ID 1 table config match_types: (('eth_dst', True), ('eth_type', False), ('in_port', False), ('vlan_vid', False)) name: vlan next_tables: ['vlan_acl', 'eth_src'] output: True set_fields: ('vlan_vid',) size: 32 table_id: 1 vlan_port_scale: 1.5
Sep 15 10:22:35 faucet.valve INFO     DPID 2 (0x2) sw2 table ID 2 table config match_types: (('eth_type', False), ('ipv4_dst', True), ('ipv4_src', True), ('vlan_vid', False)) name: vlan_acl next_tables: ['eth_src', 'eth_dst', 'flood'] output: True size: 32 table_id: 2
Sep 15 10:22:35 faucet.valve INFO     DPID 2 (0x2) sw2 table ID 3 table config match_types: (('eth_dst', True), ('eth_src', False), ('eth_type', False), ('in_port', False), ('vlan_vid', False)) miss_goto: eth_dst name: eth_src next_tables: ['ipv4_fib', 'ipv6_fib', 'vip', 'eth_dst', 'flood'] output: True set_fields: ('vlan_vid', 'eth_dst') size: 64 table_id: 3 vlan_port_scale: 4.1
Sep 15 10:22:35 faucet.valve INFO     DPID 2 (0x2) sw2 table ID 4 table config dec_ttl: True match_types: (('eth_type', False), ('ipv4_dst', True), ('vlan_vid', False)) name: ipv4_fib next_tables: ['vip', 'eth_dst', 'flood'] output: True set_fields: ('eth_dst', 'eth_src', 'vlan_vid') size: 32 table_id: 4 vlan_port_scale: 3.1
Sep 15 10:22:35 faucet.valve INFO     DPID 2 (0x2) sw2 table ID 5 table config dec_ttl: True match_types: (('eth_type', False), ('ipv6_dst', True), ('vlan_vid', False)) name: ipv6_fib next_tables: ['vip', 'eth_dst', 'flood'] output: True set_fields: ('eth_dst', 'eth_src', 'vlan_vid') size: 32 table_id: 5 vlan_port_scale: 3.1
Sep 15 10:22:35 faucet.valve INFO     DPID 2 (0x2) sw2 table ID 6 table config match_types: (('arp_tpa', False), ('eth_dst', False), ('eth_type', False), ('icmpv6_type', False), ('ip_proto', False)) name: vip next_tables: ['eth_dst', 'flood'] output: True size: 32 table_id: 6 vlan_scale: 8
Sep 15 10:22:35 faucet.valve INFO     DPID 2 (0x2) sw2 table ID 7 table config exact_match: True match_types: (('eth_dst', False), ('vlan_vid', False)) miss_goto: flood name: eth_dst output: True size: 64 table_id: 7 vlan_port_scale: 4.1
Sep 15 10:22:35 faucet.valve INFO     DPID 2 (0x2) sw2 table ID 8 table config match_types: (('eth_dst', True), ('in_port', False), ('vlan_vid', False)) name: flood output: True size: 64 table_id: 8 vlan_port_scale: 7.0
Sep 15 10:22:36 faucet.valve INFO     DPID 1 (0x1) sw1 Cold start configuring DP
Sep 15 10:22:36 faucet.valve INFO     DPID 1 (0x1) sw1 Port 1 (host1 container) configured
Sep 15 10:22:36 faucet.valve INFO     DPID 1 (0x1) sw1 Port 2 (host2 container) configured
Sep 15 10:22:36 faucet.valve INFO     DPID 1 (0x1) sw1 Configuring VLAN office vid:100 tagged: Port 5 untagged: Port 1,Port 2,Port 4
Sep 15 10:22:36 faucet.valve INFO     DPID 1 (0x1) sw1 Configuring VLAN guest vid:200 untagged: Port 3
Sep 15 10:22:36 faucet INFO     ********************** switch connected **********************
Sep 15 10:22:36 faucet INFO     [(1, <ryu.controller.controller.Datapath object at 0x7f5a33202ba8>)]
Sep 15 10:22:41 faucet.valve INFO     DPID 1 (0x1) sw1 resolving 10.0.100.2 (1 flows) on VLAN 100
Sep 15 10:22:43 faucet.valve INFO     DPID 1 (0x1) sw1 resolving 10.0.100.2 retry 2 (last attempt was 2s ago; 1 flows) on VLAN 100
Sep 15 10:22:50 faucet.valve INFO     DPID 1 (0x1) sw1 resolving 10.0.100.2 retry 3 (last attempt was 7s ago; 1 flows) on VLAN 100
Sep 15 10:23:01 faucet.valve INFO     DPID 1 (0x1) sw1 resolving 10.0.100.2 retry 4 (last attempt was 10s ago; 1 flows) on VLAN 100
Sep 15 10:23:12 faucet.valve INFO     DPID 1 (0x1) sw1 status did not change: Port 1 up status True reason MODIFY state 0
Sep 15 10:23:12 faucet.valve INFO     DPID 1 (0x1) sw1 Port 1 state OFPPS_LIVE reset, ignoring in expectation of port down
Sep 15 10:23:12 faucet.valve INFO     DPID 1 (0x1) sw1 status change: Port 1 up status True reason DELETE state 0
Sep 15 10:23:12 faucet.valve INFO     DPID 1 (0x1) sw1 Port 1 (host1 container) down
Sep 15 10:23:12 faucet INFO     Send notify success
Sep 15 10:23:12 faucet INFO     Send notify success
Sep 15 10:23:12 faucet INFO     ************************** port change ***********************
Sep 15 10:23:12 faucet INFO     Send notify success
Sep 15 10:23:12 faucet INFO     Send notify success
Sep 15 10:23:12 faucet INFO     ************************** port change ***********************
Sep 15 10:23:12 faucet.valve INFO     DPID 1 (0x1) sw1 status change: Port 2 up status True reason DELETE state 4
Sep 15 10:23:12 faucet.valve INFO     DPID 1 (0x1) sw1 Port 2 (host2 container) down
Sep 15 10:23:12 faucet.valve ERROR    DPID 1 (0x1) sw1 send_flow_msgs: DP not up
Sep 15 10:23:12 faucet INFO     Send notify success
Sep 15 10:23:12 faucet INFO     Send notify success
Sep 15 10:23:12 faucet INFO     ************************** port change ***********************
Sep 15 10:23:12 faucet.valve WARNING  DPID 1 (0x1) sw1 datapath down
Sep 15 10:23:12 faucet.valve INFO     DPID 1 (0x1) sw1 Port 1 (host1 container) down
Sep 15 10:23:12 faucet.valve INFO     DPID 1 (0x1) sw1 Port 2 (host2 container) down
Sep 15 10:23:12 faucet.valve INFO     DPID 1 (0x1) sw1 Port 3 (guest1 container) down
Sep 15 10:23:12 faucet.valve INFO     DPID 1 (0x1) sw1 Port 4 (services container) down
Sep 15 10:23:12 faucet.valve INFO     DPID 1 (0x1) sw1 Port 5 (VLAN trunk to sw2) down
Sep 15 10:23:12 faucet INFO     Send notify success
Sep 15 10:23:12 faucet INFO     Send notify success
Sep 15 10:23:12 faucet INFO     ********************** switch disconnected *******************
Sep 15 10:23:14 faucet.valve INFO     DPID 1 (0x1) sw1 Cold start configuring DP
Sep 15 10:23:14 faucet.valve INFO     DPID 1 (0x1) sw1 Port 1 (host1 container) configured
Sep 15 10:23:14 faucet.valve INFO     DPID 1 (0x1) sw1 Port 2 (host2 container) configured
Sep 15 10:23:14 faucet.valve INFO     DPID 1 (0x1) sw1 Configuring VLAN office vid:100 tagged: Port 5 untagged: Port 1,Port 2,Port 4
Sep 15 10:23:14 faucet.valve INFO     DPID 1 (0x1) sw1 Configuring VLAN guest vid:200 untagged: Port 3
Sep 15 10:23:14 faucet INFO     Send notify success
Sep 15 10:23:14 faucet INFO     Send notify success
Sep 15 10:23:14 faucet INFO     ********************** switch connected **********************
Sep 15 10:23:14 faucet INFO     [(1, <ryu.controller.controller.Datapath object at 0x7f5a3323bb70>)]
Sep 15 10:23:14 faucet.valve INFO     DPID 1 (0x1) sw1 L2 learned on Port 2 1a:1d:b5:d3:3c:36 (L2 type 0x86dd, L2 dst 33:33:ff:d3:3c:36, L3 src ::, L3 dst ff02::1:ffd3:3c36) Port 2 VLAN 100 (1 hosts total)
Sep 15 10:23:14 faucet.valve INFO     DPID 1 (0x1) sw1 L2 learned on Port 1 7a:2d:b3:5f:f7:db (L2 type 0x86dd, L2 dst 33:33:00:00:00:16, L3 src None, L3 dst None) Port 1 VLAN 100 (2 hosts total)
Sep 15 10:23:15 faucet.valve INFO     DPID 1 (0x1) sw1 status did not change: Port 2 up status True reason MODIFY state 4
Sep 15 10:23:15 faucet INFO     Send notify success
Sep 15 10:23:15 faucet INFO     Send notify success
Sep 15 10:23:15 faucet INFO     ************************** port change ***********************
Sep 15 10:23:15 faucet.valve INFO     DPID 1 (0x1) sw1 status did not change: Port 1 up status True reason MODIFY state 4
Sep 15 10:23:15 faucet INFO     Send notify success
Sep 15 10:23:15 faucet INFO     Send notify success
Sep 15 10:23:15 faucet INFO     ************************** port change ***********************
Sep 15 10:23:15 faucet.valve INFO     DPID 1 (0x1) sw1 L2 learned on Port 2 1a:1d:b5:d3:3c:36 (L2 type 0x86dd, L2 dst 33:33:00:00:00:02, L3 src fe80::181d:b5ff:fed3:3c36, L3 dst ff02::2) Port 2 VLAN 100 (2 hosts total)
Sep 15 10:23:15 faucet.valve INFO     DPID 1 (0x1) sw1 Responded to RS solicit from fe80::181d:b5ff:fed3:3c36 (1a:1d:b5:d3:3c:36 (L2 type 0x86dd, L2 dst 33:33:00:00:00:02, L3 src fe80::181d:b5ff:fed3:3c36, L3 dst ff02::2) Port 2 VLAN 100)
Sep 15 10:23:15 faucet.valve INFO     DPID 1 (0x1) sw1 L2 learned on Port 1 7a:2d:b3:5f:f7:db (L2 type 0x86dd, L2 dst 33:33:00:00:00:02, L3 src fe80::782d:b3ff:fe5f:f7db, L3 dst ff02::2) Port 1 VLAN 100 (2 hosts total)
Sep 15 10:23:15 faucet.valve INFO     DPID 1 (0x1) sw1 Responded to RS solicit from fe80::782d:b3ff:fe5f:f7db (7a:2d:b3:5f:f7:db (L2 type 0x86dd, L2 dst 33:33:00:00:00:02, L3 src fe80::782d:b3ff:fe5f:f7db, L3 dst ff02::2) Port 1 VLAN 100)
Sep 15 10:23:19 faucet.valve INFO     DPID 1 (0x1) sw1 resolving 10.0.100.2 (1 flows) on VLAN 100
Sep 15 10:23:22 faucet.valve INFO     DPID 1 (0x1) sw1 resolving 10.0.100.2 retry 2 (last attempt was 3s ago; 1 flows) on VLAN 100
Sep 15 10:23:30 faucet.valve INFO     DPID 1 (0x1) sw1 resolving 10.0.100.2 retry 3 (last attempt was 7s ago; 1 flows) on VLAN 100
Sep 15 10:23:41 faucet.valve INFO     DPID 1 (0x1) sw1 resolving 10.0.100.2 retry 4 (last attempt was 11s ago; 1 flows) on VLAN 100
Sep 15 10:24:02 faucet.valve INFO     DPID 1 (0x1) sw1 resolving 10.0.100.2 retry 5 (last attempt was 21s ago; 1 flows) on VLAN 100
Sep 15 10:24:23 faucet ERROR    unexpected unknown thread termination - check Ryu/process stderr log
Sep 15 10:24:23 faucet.exception ERROR    Unhandled exception, killing RYU
Traceback (most recent call last):
  File "/home/namhust98/sina/faucet/faucet/valve_util.py", line 34, in __koe
    func(*args, **kwargs)
  File "/home/namhust98/sina/faucet/faucet/faucet.py", line 149, in _check_thread_exception
    super(Faucet, self)._check_thread_exception()
  File "/home/namhust98/sina/faucet/faucet/valve_ryuapp.py", line 91, in _check_thread_exception
    raise ValveDeadThreadException
faucet.valve_ryuapp.ValveDeadThreadException
Sep 15 10:24:24 faucet INFO     version 0.0.1.dev20
Sep 15 10:24:24 faucet INFO     Reloading configuration
Sep 15 10:24:24 faucet INFO     configuration /home/namhust98/sina/faucet/venv/etc/faucet/faucet.yaml changed, analyzing differences
Sep 15 10:24:24 faucet.config INFO     including file: /home/namhust98/sina/faucet/venv/etc/faucet/acls.yaml
Sep 15 10:24:24 faucet INFO     Add new datapath DPID 1 (0x1)
Sep 15 10:24:24 faucet.valve INFO     DPID 1 (0x1) sw1 IPv4 routing is active on VLAN office vid:100 tagged: Port 5 untagged: Port 1,Port 2,Port 4 with VIPs ['10.0.100.254/24']
Sep 15 10:24:24 faucet.valve INFO     DPID 1 (0x1) sw1 IPv4 routing is active on VLAN guest vid:200 untagged: Port 3 with VIPs ['10.0.200.254/24']
Sep 15 10:24:24 faucet.valve INFO     DPID 1 (0x1) sw1 IPv6 routing is active on VLAN office vid:100 tagged: Port 5 untagged: Port 1,Port 2,Port 4 with VIPs ['2001:100::1/64', 'fe80::c00:ff:fe00:1001/64']
Sep 15 10:24:24 faucet.valve INFO     DPID 1 (0x1) sw1 IPv6 routing is active on VLAN guest vid:200 untagged: Port 3 with VIPs ['2001:200::1/64', 'fe80::c00:ff:fe00:2001/64']
Sep 15 10:24:24 faucet.valve INFO     DPID 1 (0x1) sw1 table ID 0 table config match_types: (('eth_type', False), ('icmpv6_type', False), ('in_port', False), ('ip_proto', False), ('tcp_dst', False), ('udp_dst', False), ('udp_src', False)) name: port_acl next_tables: ['vlan', 'vip', 'eth_dst', 'flood'] output: True set_fields: ('eth_dst',) size: 32
Sep 15 10:24:24 faucet.valve INFO     DPID 1 (0x1) sw1 table ID 1 table config match_types: (('eth_dst', True), ('eth_type', False), ('in_port', False), ('vlan_vid', False)) name: vlan next_tables: ['vlan_acl', 'eth_src'] output: True set_fields: ('vlan_vid',) size: 32 table_id: 1 vlan_port_scale: 1.5
Sep 15 10:24:24 faucet.valve INFO     DPID 1 (0x1) sw1 table ID 2 table config match_types: (('eth_type', False), ('ipv4_dst', True), ('ipv4_src', True), ('vlan_vid', False)) name: vlan_acl next_tables: ['eth_src', 'eth_dst', 'flood'] output: True size: 32 table_id: 2
Sep 15 10:24:24 faucet.valve INFO     DPID 1 (0x1) sw1 table ID 3 table config match_types: (('eth_dst', True), ('eth_src', False), ('eth_type', False), ('in_port', False), ('vlan_vid', False)) miss_goto: eth_dst name: eth_src next_tables: ['ipv4_fib', 'ipv6_fib', 'vip', 'eth_dst', 'flood'] output: True set_fields: ('vlan_vid', 'eth_dst') size: 64 table_id: 3 vlan_port_scale: 4.1
Sep 15 10:24:24 faucet.valve INFO     DPID 1 (0x1) sw1 table ID 4 table config dec_ttl: True match_types: (('eth_type', False), ('ipv4_dst', True), ('vlan_vid', False)) name: ipv4_fib next_tables: ['vip', 'eth_dst', 'flood'] output: True set_fields: ('eth_dst', 'eth_src', 'vlan_vid') size: 32 table_id: 4 vlan_port_scale: 3.1
Sep 15 10:24:24 faucet.valve INFO     DPID 1 (0x1) sw1 table ID 5 table config dec_ttl: True match_types: (('eth_type', False), ('ipv6_dst', True), ('vlan_vid', False)) name: ipv6_fib next_tables: ['vip', 'eth_dst', 'flood'] output: True set_fields: ('eth_dst', 'eth_src', 'vlan_vid') size: 32 table_id: 5 vlan_port_scale: 3.1
Sep 15 10:24:24 faucet.valve INFO     DPID 1 (0x1) sw1 table ID 6 table config match_types: (('arp_tpa', False), ('eth_dst', False), ('eth_type', False), ('icmpv6_type', False), ('ip_proto', False)) name: vip next_tables: ['eth_dst', 'flood'] output: True size: 32 table_id: 6 vlan_scale: 8
Sep 15 10:24:24 faucet.valve INFO     DPID 1 (0x1) sw1 table ID 7 table config exact_match: True match_types: (('eth_dst', False), ('vlan_vid', False)) miss_goto: flood name: eth_dst output: True size: 64 table_id: 7 vlan_port_scale: 4.1
Sep 15 10:24:24 faucet.valve INFO     DPID 1 (0x1) sw1 table ID 8 table config match_types: (('eth_dst', True), ('in_port', False), ('vlan_vid', False)) name: flood output: True size: 96 table_id: 8 vlan_port_scale: 7.0
Sep 15 10:24:24 faucet INFO     Add new datapath DPID 2 (0x2)
Sep 15 10:24:24 faucet.valve INFO     DPID 2 (0x2) sw2 IPv4 routing is active on VLAN office vid:100 tagged: Port 24 untagged: Port 1 with VIPs ['10.0.100.254/24']
Sep 15 10:24:24 faucet.valve INFO     DPID 2 (0x2) sw2 IPv4 routing is active on VLAN guest vid:200 tagged: Port 24 untagged: Port 2,Port 4 with VIPs ['10.0.200.254/24']
Sep 15 10:24:24 faucet.valve INFO     DPID 2 (0x2) sw2 IPv6 routing is active on VLAN office vid:100 tagged: Port 24 untagged: Port 1 with VIPs ['2001:100::1/64', 'fe80::c00:ff:fe00:1001/64']
Sep 15 10:24:24 faucet.valve INFO     DPID 2 (0x2) sw2 IPv6 routing is active on VLAN guest vid:200 tagged: Port 24 untagged: Port 2,Port 4 with VIPs ['2001:200::1/64', 'fe80::c00:ff:fe00:2001/64']
Sep 15 10:24:24 faucet.valve INFO     DPID 2 (0x2) sw2 table ID 0 table config match_types: (('eth_type', False), ('icmpv6_type', False), ('in_port', False), ('ip_proto', False), ('tcp_dst', False), ('udp_dst', False), ('udp_src', False)) name: port_acl next_tables: ['vlan', 'vip', 'eth_dst', 'flood'] output: True set_fields: ('eth_dst',) size: 32
Sep 15 10:24:24 faucet.valve INFO     DPID 2 (0x2) sw2 table ID 1 table config match_types: (('eth_dst', True), ('eth_type', False), ('in_port', False), ('vlan_vid', False)) name: vlan next_tables: ['vlan_acl', 'eth_src'] output: True set_fields: ('vlan_vid',) size: 32 table_id: 1 vlan_port_scale: 1.5
Sep 15 10:24:24 faucet.valve INFO     DPID 2 (0x2) sw2 table ID 2 table config match_types: (('eth_type', False), ('ipv4_dst', True), ('ipv4_src', True), ('vlan_vid', False)) name: vlan_acl next_tables: ['eth_src', 'eth_dst', 'flood'] output: True size: 32 table_id: 2
Sep 15 10:24:24 faucet.valve INFO     DPID 2 (0x2) sw2 table ID 3 table config match_types: (('eth_dst', True), ('eth_src', False), ('eth_type', False), ('in_port', False), ('vlan_vid', False)) miss_goto: eth_dst name: eth_src next_tables: ['ipv4_fib', 'ipv6_fib', 'vip', 'eth_dst', 'flood'] output: True set_fields: ('vlan_vid', 'eth_dst') size: 64 table_id: 3 vlan_port_scale: 4.1
Sep 15 10:24:24 faucet.valve INFO     DPID 2 (0x2) sw2 table ID 4 table config dec_ttl: True match_types: (('eth_type', False), ('ipv4_dst', True), ('vlan_vid', False)) name: ipv4_fib next_tables: ['vip', 'eth_dst', 'flood'] output: True set_fields: ('eth_dst', 'eth_src', 'vlan_vid') size: 32 table_id: 4 vlan_port_scale: 3.1
Sep 15 10:24:24 faucet.valve INFO     DPID 2 (0x2) sw2 table ID 5 table config dec_ttl: True match_types: (('eth_type', False), ('ipv6_dst', True), ('vlan_vid', False)) name: ipv6_fib next_tables: ['vip', 'eth_dst', 'flood'] output: True set_fields: ('eth_dst', 'eth_src', 'vlan_vid') size: 32 table_id: 5 vlan_port_scale: 3.1
Sep 15 10:24:24 faucet.valve INFO     DPID 2 (0x2) sw2 table ID 6 table config match_types: (('arp_tpa', False), ('eth_dst', False), ('eth_type', False), ('icmpv6_type', False), ('ip_proto', False)) name: vip next_tables: ['eth_dst', 'flood'] output: True size: 32 table_id: 6 vlan_scale: 8
Sep 15 10:24:24 faucet.valve INFO     DPID 2 (0x2) sw2 table ID 7 table config exact_match: True match_types: (('eth_dst', False), ('vlan_vid', False)) miss_goto: flood name: eth_dst output: True size: 64 table_id: 7 vlan_port_scale: 4.1
Sep 15 10:24:24 faucet.valve INFO     DPID 2 (0x2) sw2 table ID 8 table config match_types: (('eth_dst', True), ('in_port', False), ('vlan_vid', False)) name: flood output: True size: 64 table_id: 8 vlan_port_scale: 7.0
Sep 15 10:24:25 faucet.valve INFO     DPID 1 (0x1) sw1 Cold start configuring DP
Sep 15 10:24:25 faucet.valve INFO     DPID 1 (0x1) sw1 Port 1 (host1 container) configured
Sep 15 10:24:25 faucet.valve INFO     DPID 1 (0x1) sw1 Port 2 (host2 container) configured
Sep 15 10:24:25 faucet.valve INFO     DPID 1 (0x1) sw1 Configuring VLAN office vid:100 tagged: Port 5 untagged: Port 1,Port 2,Port 4
Sep 15 10:24:25 faucet.valve INFO     DPID 1 (0x1) sw1 Configuring VLAN guest vid:200 untagged: Port 3
Sep 15 10:24:25 faucet INFO     ********************** switch connected **********************
Sep 15 10:24:25 faucet INFO     [(1, <ryu.controller.controller.Datapath object at 0x7efca63c8b00>)]
Sep 15 10:24:28 faucet.valve INFO     DPID 1 (0x1) sw1 status did not change: Port 1 up status True reason MODIFY state 0
Sep 15 10:24:28 faucet.valve INFO     DPID 1 (0x1) sw1 Port 1 state OFPPS_LIVE reset, ignoring in expectation of port down
Sep 15 10:24:28 faucet.valve INFO     DPID 1 (0x1) sw1 status change: Port 1 up status True reason DELETE state 0
Sep 15 10:24:28 faucet.valve INFO     DPID 1 (0x1) sw1 Port 1 (host1 container) down
Sep 15 10:24:28 faucet INFO     ************************** port change ***********************
Sep 15 10:24:28 faucet INFO     ************************** port change ***********************
Sep 15 10:24:28 faucet.valve INFO     DPID 1 (0x1) sw1 resolving 10.0.100.2 (1 flows) on VLAN 100
Sep 15 10:24:29 faucet.valve INFO     DPID 1 (0x1) sw1 status change: Port 2 up status True reason DELETE state 4
Sep 15 10:24:29 faucet.valve INFO     DPID 1 (0x1) sw1 Port 2 (host2 container) down
Sep 15 10:24:29 faucet INFO     ************************** port change ***********************
Sep 15 10:24:29 faucet.valve WARNING  DPID 1 (0x1) sw1 datapath down
Sep 15 10:24:29 faucet.valve INFO     DPID 1 (0x1) sw1 Port 1 (host1 container) down
Sep 15 10:24:29 faucet.valve INFO     DPID 1 (0x1) sw1 Port 2 (host2 container) down
Sep 15 10:24:29 faucet.valve INFO     DPID 1 (0x1) sw1 Port 3 (guest1 container) down
Sep 15 10:24:29 faucet.valve INFO     DPID 1 (0x1) sw1 Port 4 (services container) down
Sep 15 10:24:29 faucet.valve INFO     DPID 1 (0x1) sw1 Port 5 (VLAN trunk to sw2) down
Sep 15 10:24:29 faucet INFO     ********************** switch disconnected *******************
Sep 15 10:24:37 faucet.valve INFO     DPID 1 (0x1) sw1 Cold start configuring DP
Sep 15 10:24:37 faucet.valve INFO     DPID 1 (0x1) sw1 Port 1 (host1 container) configured
Sep 15 10:24:37 faucet.valve INFO     DPID 1 (0x1) sw1 Port 2 (host2 container) configured
Sep 15 10:24:37 faucet.valve INFO     DPID 1 (0x1) sw1 Configuring VLAN office vid:100 tagged: Port 5 untagged: Port 1,Port 2,Port 4
Sep 15 10:24:37 faucet.valve INFO     DPID 1 (0x1) sw1 Configuring VLAN guest vid:200 untagged: Port 3
Sep 15 10:24:37 faucet INFO     Send notify success
Sep 15 10:24:38 faucet INFO     Send notify success
Sep 15 10:24:38 faucet INFO     ********************** switch connected **********************
Sep 15 10:24:38 faucet INFO     [(1, <ryu.controller.controller.Datapath object at 0x7efca6351ef0>)]
Sep 15 10:24:38 faucet.valve INFO     DPID 1 (0x1) sw1 L2 learned on Port 2 fa:69:40:66:a7:32 (L2 type 0x86dd, L2 dst 33:33:ff:66:a7:32, L3 src ::, L3 dst ff02::1:ff66:a732) Port 2 VLAN 100 (1 hosts total)
Sep 15 10:24:38 faucet.valve INFO     DPID 1 (0x1) sw1 L2 learned on Port 1 ce:23:5e:42:f8:46 (L2 type 0x86dd, L2 dst 33:33:ff:42:f8:46, L3 src ::, L3 dst ff02::1:ff42:f846) Port 1 VLAN 100 (2 hosts total)
Sep 15 10:24:39 faucet.valve INFO     DPID 1 (0x1) sw1 status did not change: Port 2 up status True reason MODIFY state 4
Sep 15 10:24:39 faucet INFO     Send notify success
Sep 15 10:24:39 faucet INFO     Send notify success
Sep 15 10:24:39 faucet INFO     ************************** port change ***********************
Sep 15 10:24:39 faucet.valve INFO     DPID 1 (0x1) sw1 L2 learned on Port 2 fa:69:40:66:a7:32 (L2 type 0x86dd, L2 dst 33:33:00:00:00:02, L3 src fe80::f869:40ff:fe66:a732, L3 dst ff02::2) Port 2 VLAN 100 (2 hosts total)
Sep 15 10:24:39 faucet.valve INFO     DPID 1 (0x1) sw1 Responded to RS solicit from fe80::f869:40ff:fe66:a732 (fa:69:40:66:a7:32 (L2 type 0x86dd, L2 dst 33:33:00:00:00:02, L3 src fe80::f869:40ff:fe66:a732, L3 dst ff02::2) Port 2 VLAN 100)
Sep 15 10:24:39 faucet.valve INFO     DPID 1 (0x1) sw1 Responded to RS solicit from fe80::cc23:5eff:fe42:f846 (ce:23:5e:42:f8:46 (L2 type 0x86dd, L2 dst 33:33:00:00:00:02, L3 src fe80::cc23:5eff:fe42:f846, L3 dst ff02::2) Port 1 VLAN 100)
Sep 15 10:24:39 faucet.valve INFO     DPID 1 (0x1) sw1 status did not change: Port 1 up status True reason MODIFY state 4
Sep 15 10:24:39 faucet INFO     Send notify success
Sep 15 10:24:39 faucet INFO     Send notify success
Sep 15 10:24:39 faucet INFO     ************************** port change ***********************
Sep 15 10:24:40 faucet.valve INFO     DPID 1 (0x1) sw1 resolving 10.0.100.2 (1 flows) on VLAN 100
Sep 15 10:24:43 faucet.valve INFO     DPID 1 (0x1) sw1 resolving 10.0.100.2 retry 2 (last attempt was 2s ago; 1 flows) on VLAN 100
Sep 15 10:24:50 faucet.valve INFO     DPID 1 (0x1) sw1 resolving 10.0.100.2 retry 3 (last attempt was 6s ago; 1 flows) on VLAN 100
Sep 15 10:25:01 faucet.valve INFO     DPID 1 (0x1) sw1 resolving 10.0.100.2 retry 4 (last attempt was 10s ago; 1 flows) on VLAN 100
Sep 15 10:25:21 faucet.valve INFO     DPID 1 (0x1) sw1 resolving 10.0.100.2 retry 5 (last attempt was 20s ago; 1 flows) on VLAN 100
Sep 15 10:25:58 faucet.valve INFO     DPID 1 (0x1) sw1 resolving 10.0.100.2 retry 6 (last attempt was 37s ago; 1 flows) on VLAN 100
Sep 15 10:27:03 faucet.valve INFO     DPID 1 (0x1) sw1 resolving 10.0.100.2 retry 7 (last attempt was 64s ago; 1 flows) on VLAN 100
Sep 15 10:27:37 faucet.valve INFO     DPID 1 (0x1) sw1 status did not change: Port 1 up status True reason MODIFY state 0
Sep 15 10:27:37 faucet.valve INFO     DPID 1 (0x1) sw1 Port 1 state OFPPS_LIVE reset, ignoring in expectation of port down
Sep 15 10:27:37 faucet.valve INFO     DPID 1 (0x1) sw1 status change: Port 1 up status True reason DELETE state 0
Sep 15 10:27:37 faucet.valve INFO     DPID 1 (0x1) sw1 Port 1 (host1 container) down
Sep 15 10:27:37 faucet INFO     Send notify success
Sep 15 10:27:37 faucet INFO     Send notify success
Sep 15 10:27:37 faucet INFO     ************************** port change ***********************
Sep 15 10:27:37 faucet INFO     Send notify success
Sep 15 10:27:37 faucet INFO     Send notify success
Sep 15 10:27:37 faucet INFO     ************************** port change ***********************
Sep 15 10:27:37 faucet.valve INFO     DPID 1 (0x1) sw1 status change: Port 2 up status True reason DELETE state 4
Sep 15 10:27:37 faucet.valve INFO     DPID 1 (0x1) sw1 Port 2 (host2 container) down
Sep 15 10:27:37 faucet INFO     Send notify success
Sep 15 10:27:37 faucet INFO     Send notify success
Sep 15 10:27:37 faucet INFO     ************************** port change ***********************
Sep 15 10:27:38 faucet.valve WARNING  DPID 1 (0x1) sw1 datapath down
Sep 15 10:27:38 faucet.valve INFO     DPID 1 (0x1) sw1 Port 1 (host1 container) down
Sep 15 10:27:38 faucet.valve INFO     DPID 1 (0x1) sw1 Port 2 (host2 container) down
Sep 15 10:27:38 faucet.valve INFO     DPID 1 (0x1) sw1 Port 3 (guest1 container) down
Sep 15 10:27:38 faucet.valve INFO     DPID 1 (0x1) sw1 Port 4 (services container) down
Sep 15 10:27:38 faucet.valve INFO     DPID 1 (0x1) sw1 Port 5 (VLAN trunk to sw2) down
Sep 15 10:27:38 faucet INFO     Send notify success
Sep 15 10:27:38 faucet INFO     Send notify success
Sep 15 10:27:38 faucet INFO     ********************** switch disconnected *******************
Sep 15 10:28:00 faucet.valve INFO     DPID 1 (0x1) sw1 Cold start configuring DP
Sep 15 10:28:00 faucet.valve INFO     DPID 1 (0x1) sw1 Port 1 (host1 container) configured
Sep 15 10:28:00 faucet.valve INFO     DPID 1 (0x1) sw1 Port 2 (host2 container) configured
Sep 15 10:28:00 faucet.valve INFO     DPID 1 (0x1) sw1 Configuring VLAN office vid:100 tagged: Port 5 untagged: Port 1,Port 2,Port 4
Sep 15 10:28:00 faucet.valve INFO     DPID 1 (0x1) sw1 Configuring VLAN guest vid:200 untagged: Port 3
Sep 15 10:28:00 faucet INFO     Send notify success
Sep 15 10:28:00 faucet INFO     Send notify success
Sep 15 10:28:00 faucet INFO     ********************** switch connected **********************
Sep 15 10:28:00 faucet INFO     [(1, <ryu.controller.controller.Datapath object at 0x7efca6b04c88>)]
Sep 15 10:28:00 faucet.valve INFO     DPID 1 (0x1) sw1 L2 learned on Port 2 82:23:42:57:4b:e7 (L2 type 0x86dd, L2 dst 33:33:00:00:00:16, L3 src None, L3 dst None) Port 2 VLAN 100 (1 hosts total)
Sep 15 10:28:00 faucet.valve INFO     DPID 1 (0x1) sw1 L2 learned on Port 1 96:b0:d1:e8:6d:bf (L2 type 0x86dd, L2 dst 33:33:ff:e8:6d:bf, L3 src ::, L3 dst ff02::1:ffe8:6dbf) Port 1 VLAN 100 (2 hosts total)
Sep 15 10:28:01 faucet.valve INFO     DPID 1 (0x1) sw1 status did not change: Port 2 up status True reason MODIFY state 4
Sep 15 10:28:01 faucet INFO     Send notify success
Sep 15 10:28:01 faucet INFO     Send notify success
Sep 15 10:28:01 faucet INFO     ************************** port change ***********************
Sep 15 10:28:01 faucet.valve INFO     DPID 1 (0x1) sw1 status did not change: Port 1 up status True reason MODIFY state 4
Sep 15 10:28:01 faucet INFO     Send notify success
Sep 15 10:28:01 faucet INFO     Send notify success
Sep 15 10:28:01 faucet INFO     ************************** port change ***********************
Sep 15 10:28:01 faucet.valve INFO     DPID 1 (0x1) sw1 L2 learned on Port 1 96:b0:d1:e8:6d:bf (L2 type 0x86dd, L2 dst 33:33:00:00:00:02, L3 src fe80::94b0:d1ff:fee8:6dbf, L3 dst ff02::2) Port 1 VLAN 100 (2 hosts total)
Sep 15 10:28:01 faucet.valve INFO     DPID 1 (0x1) sw1 Responded to RS solicit from fe80::94b0:d1ff:fee8:6dbf (96:b0:d1:e8:6d:bf (L2 type 0x86dd, L2 dst 33:33:00:00:00:02, L3 src fe80::94b0:d1ff:fee8:6dbf, L3 dst ff02::2) Port 1 VLAN 100)
Sep 15 10:28:01 faucet.valve INFO     DPID 1 (0x1) sw1 L2 learned on Port 2 82:23:42:57:4b:e7 (L2 type 0x86dd, L2 dst 33:33:00:00:00:02, L3 src fe80::8023:42ff:fe57:4be7, L3 dst ff02::2) Port 2 VLAN 100 (2 hosts total)
Sep 15 10:28:01 faucet.valve INFO     DPID 1 (0x1) sw1 Responded to RS solicit from fe80::8023:42ff:fe57:4be7 (82:23:42:57:4b:e7 (L2 type 0x86dd, L2 dst 33:33:00:00:00:02, L3 src fe80::8023:42ff:fe57:4be7, L3 dst ff02::2) Port 2 VLAN 100)
Sep 15 10:28:05 faucet.valve INFO     DPID 1 (0x1) sw1 resolving 10.0.100.2 (1 flows) on VLAN 100
Sep 15 10:28:11 faucet.valve INFO     DPID 1 (0x1) sw1 resolving 10.0.100.2 retry 2 (last attempt was 6s ago; 1 flows) on VLAN 100
Sep 15 10:28:17 faucet.valve INFO     DPID 1 (0x1) sw1 resolving 10.0.100.2 retry 3 (last attempt was 5s ago; 1 flows) on VLAN 100
Sep 15 10:28:29 faucet.valve INFO     DPID 1 (0x1) sw1 resolving 10.0.100.2 retry 4 (last attempt was 12s ago; 1 flows) on VLAN 100
Sep 15 10:28:48 faucet.valve INFO     DPID 1 (0x1) sw1 resolving 10.0.100.2 retry 5 (last attempt was 19s ago; 1 flows) on VLAN 100
Sep 15 10:28:58 faucet ERROR    unexpected unknown thread termination - check Ryu/process stderr log
Sep 15 10:28:58 faucet.exception ERROR    Unhandled exception, killing RYU
Traceback (most recent call last):
  File "/home/namhust98/sina/faucet/faucet/valve_util.py", line 34, in __koe
    func(*args, **kwargs)
  File "/home/namhust98/sina/faucet/faucet/faucet.py", line 149, in _check_thread_exception
    super(Faucet, self)._check_thread_exception()
  File "/home/namhust98/sina/faucet/faucet/valve_ryuapp.py", line 91, in _check_thread_exception
    raise ValveDeadThreadException
faucet.valve_ryuapp.ValveDeadThreadException
Sep 15 10:28:59 faucet INFO     version 0.0.1.dev20
Sep 15 10:28:59 faucet INFO     Reloading configuration
Sep 15 10:28:59 faucet INFO     configuration /home/namhust98/sina/faucet/venv/etc/faucet/faucet.yaml changed, analyzing differences
Sep 15 10:28:59 faucet.config INFO     including file: /home/namhust98/sina/faucet/venv/etc/faucet/acls.yaml
Sep 15 10:28:59 faucet INFO     Add new datapath DPID 1 (0x1)
Sep 15 10:28:59 faucet.valve INFO     DPID 1 (0x1) sw1 IPv4 routing is active on VLAN office vid:100 tagged: Port 5 untagged: Port 1,Port 2,Port 4 with VIPs ['10.0.100.254/24']
Sep 15 10:28:59 faucet.valve INFO     DPID 1 (0x1) sw1 IPv4 routing is active on VLAN guest vid:200 untagged: Port 3 with VIPs ['10.0.200.254/24']
Sep 15 10:28:59 faucet.valve INFO     DPID 1 (0x1) sw1 IPv6 routing is active on VLAN office vid:100 tagged: Port 5 untagged: Port 1,Port 2,Port 4 with VIPs ['2001:100::1/64', 'fe80::c00:ff:fe00:1001/64']
Sep 15 10:28:59 faucet.valve INFO     DPID 1 (0x1) sw1 IPv6 routing is active on VLAN guest vid:200 untagged: Port 3 with VIPs ['2001:200::1/64', 'fe80::c00:ff:fe00:2001/64']
Sep 15 10:28:59 faucet.valve INFO     DPID 1 (0x1) sw1 table ID 0 table config match_types: (('eth_type', False), ('icmpv6_type', False), ('in_port', False), ('ip_proto', False), ('tcp_dst', False), ('udp_dst', False), ('udp_src', False)) name: port_acl next_tables: ['vlan', 'vip', 'eth_dst', 'flood'] output: True set_fields: ('eth_dst',) size: 32
Sep 15 10:28:59 faucet.valve INFO     DPID 1 (0x1) sw1 table ID 1 table config match_types: (('eth_dst', True), ('eth_type', False), ('in_port', False), ('vlan_vid', False)) name: vlan next_tables: ['vlan_acl', 'eth_src'] output: True set_fields: ('vlan_vid',) size: 32 table_id: 1 vlan_port_scale: 1.5
Sep 15 10:28:59 faucet.valve INFO     DPID 1 (0x1) sw1 table ID 2 table config match_types: (('eth_type', False), ('ipv4_dst', True), ('ipv4_src', True), ('vlan_vid', False)) name: vlan_acl next_tables: ['eth_src', 'eth_dst', 'flood'] output: True size: 32 table_id: 2
Sep 15 10:28:59 faucet.valve INFO     DPID 1 (0x1) sw1 table ID 3 table config match_types: (('eth_dst', True), ('eth_src', False), ('eth_type', False), ('in_port', False), ('vlan_vid', False)) miss_goto: eth_dst name: eth_src next_tables: ['ipv4_fib', 'ipv6_fib', 'vip', 'eth_dst', 'flood'] output: True set_fields: ('vlan_vid', 'eth_dst') size: 64 table_id: 3 vlan_port_scale: 4.1
Sep 15 10:28:59 faucet.valve INFO     DPID 1 (0x1) sw1 table ID 4 table config dec_ttl: True match_types: (('eth_type', False), ('ipv4_dst', True), ('vlan_vid', False)) name: ipv4_fib next_tables: ['vip', 'eth_dst', 'flood'] output: True set_fields: ('eth_dst', 'eth_src', 'vlan_vid') size: 32 table_id: 4 vlan_port_scale: 3.1
Sep 15 10:28:59 faucet.valve INFO     DPID 1 (0x1) sw1 table ID 5 table config dec_ttl: True match_types: (('eth_type', False), ('ipv6_dst', True), ('vlan_vid', False)) name: ipv6_fib next_tables: ['vip', 'eth_dst', 'flood'] output: True set_fields: ('eth_dst', 'eth_src', 'vlan_vid') size: 32 table_id: 5 vlan_port_scale: 3.1
Sep 15 10:28:59 faucet.valve INFO     DPID 1 (0x1) sw1 table ID 6 table config match_types: (('arp_tpa', False), ('eth_dst', False), ('eth_type', False), ('icmpv6_type', False), ('ip_proto', False)) name: vip next_tables: ['eth_dst', 'flood'] output: True size: 32 table_id: 6 vlan_scale: 8
Sep 15 10:28:59 faucet.valve INFO     DPID 1 (0x1) sw1 table ID 7 table config exact_match: True match_types: (('eth_dst', False), ('vlan_vid', False)) miss_goto: flood name: eth_dst output: True size: 64 table_id: 7 vlan_port_scale: 4.1
Sep 15 10:28:59 faucet.valve INFO     DPID 1 (0x1) sw1 table ID 8 table config match_types: (('eth_dst', True), ('in_port', False), ('vlan_vid', False)) name: flood output: True size: 96 table_id: 8 vlan_port_scale: 7.0
Sep 15 10:28:59 faucet INFO     Add new datapath DPID 2 (0x2)
Sep 15 10:28:59 faucet.valve INFO     DPID 2 (0x2) sw2 IPv4 routing is active on VLAN office vid:100 tagged: Port 24 untagged: Port 1 with VIPs ['10.0.100.254/24']
Sep 15 10:28:59 faucet.valve INFO     DPID 2 (0x2) sw2 IPv4 routing is active on VLAN guest vid:200 tagged: Port 24 untagged: Port 2,Port 4 with VIPs ['10.0.200.254/24']
Sep 15 10:28:59 faucet.valve INFO     DPID 2 (0x2) sw2 IPv6 routing is active on VLAN office vid:100 tagged: Port 24 untagged: Port 1 with VIPs ['2001:100::1/64', 'fe80::c00:ff:fe00:1001/64']
Sep 15 10:28:59 faucet.valve INFO     DPID 2 (0x2) sw2 IPv6 routing is active on VLAN guest vid:200 tagged: Port 24 untagged: Port 2,Port 4 with VIPs ['2001:200::1/64', 'fe80::c00:ff:fe00:2001/64']
Sep 15 10:28:59 faucet.valve INFO     DPID 2 (0x2) sw2 table ID 0 table config match_types: (('eth_type', False), ('icmpv6_type', False), ('in_port', False), ('ip_proto', False), ('tcp_dst', False), ('udp_dst', False), ('udp_src', False)) name: port_acl next_tables: ['vlan', 'vip', 'eth_dst', 'flood'] output: True set_fields: ('eth_dst',) size: 32
Sep 15 10:28:59 faucet.valve INFO     DPID 2 (0x2) sw2 table ID 1 table config match_types: (('eth_dst', True), ('eth_type', False), ('in_port', False), ('vlan_vid', False)) name: vlan next_tables: ['vlan_acl', 'eth_src'] output: True set_fields: ('vlan_vid',) size: 32 table_id: 1 vlan_port_scale: 1.5
Sep 15 10:28:59 faucet.valve INFO     DPID 2 (0x2) sw2 table ID 2 table config match_types: (('eth_type', False), ('ipv4_dst', True), ('ipv4_src', True), ('vlan_vid', False)) name: vlan_acl next_tables: ['eth_src', 'eth_dst', 'flood'] output: True size: 32 table_id: 2
Sep 15 10:28:59 faucet.valve INFO     DPID 2 (0x2) sw2 table ID 3 table config match_types: (('eth_dst', True), ('eth_src', False), ('eth_type', False), ('in_port', False), ('vlan_vid', False)) miss_goto: eth_dst name: eth_src next_tables: ['ipv4_fib', 'ipv6_fib', 'vip', 'eth_dst', 'flood'] output: True set_fields: ('vlan_vid', 'eth_dst') size: 64 table_id: 3 vlan_port_scale: 4.1
Sep 15 10:28:59 faucet.valve INFO     DPID 2 (0x2) sw2 table ID 4 table config dec_ttl: True match_types: (('eth_type', False), ('ipv4_dst', True), ('vlan_vid', False)) name: ipv4_fib next_tables: ['vip', 'eth_dst', 'flood'] output: True set_fields: ('eth_dst', 'eth_src', 'vlan_vid') size: 32 table_id: 4 vlan_port_scale: 3.1
Sep 15 10:28:59 faucet.valve INFO     DPID 2 (0x2) sw2 table ID 5 table config dec_ttl: True match_types: (('eth_type', False), ('ipv6_dst', True), ('vlan_vid', False)) name: ipv6_fib next_tables: ['vip', 'eth_dst', 'flood'] output: True set_fields: ('eth_dst', 'eth_src', 'vlan_vid') size: 32 table_id: 5 vlan_port_scale: 3.1
Sep 15 10:28:59 faucet.valve INFO     DPID 2 (0x2) sw2 table ID 6 table config match_types: (('arp_tpa', False), ('eth_dst', False), ('eth_type', False), ('icmpv6_type', False), ('ip_proto', False)) name: vip next_tables: ['eth_dst', 'flood'] output: True size: 32 table_id: 6 vlan_scale: 8
Sep 15 10:28:59 faucet.valve INFO     DPID 2 (0x2) sw2 table ID 7 table config exact_match: True match_types: (('eth_dst', False), ('vlan_vid', False)) miss_goto: flood name: eth_dst output: True size: 64 table_id: 7 vlan_port_scale: 4.1
Sep 15 10:28:59 faucet.valve INFO     DPID 2 (0x2) sw2 table ID 8 table config match_types: (('eth_dst', True), ('in_port', False), ('vlan_vid', False)) name: flood output: True size: 64 table_id: 8 vlan_port_scale: 7.0
Sep 15 10:29:00 faucet.valve INFO     DPID 1 (0x1) sw1 Cold start configuring DP
Sep 15 10:29:00 faucet.valve INFO     DPID 1 (0x1) sw1 Port 1 (host1 container) configured
Sep 15 10:29:00 faucet.valve INFO     DPID 1 (0x1) sw1 Port 2 (host2 container) configured
Sep 15 10:29:00 faucet.valve INFO     DPID 1 (0x1) sw1 Configuring VLAN office vid:100 tagged: Port 5 untagged: Port 1,Port 2,Port 4
Sep 15 10:29:00 faucet.valve INFO     DPID 1 (0x1) sw1 Configuring VLAN guest vid:200 untagged: Port 3
Sep 15 10:29:00 faucet INFO     ********************** switch connected **********************
Sep 15 10:29:00 faucet INFO     [(1, <ryu.controller.controller.Datapath object at 0x7f0751cfeb00>)]
Sep 15 10:29:06 faucet.valve INFO     DPID 1 (0x1) sw1 resolving 10.0.100.2 (1 flows) on VLAN 100
Sep 15 10:29:07 faucet.valve INFO     DPID 1 (0x1) sw1 status did not change: Port 1 up status True reason MODIFY state 0
Sep 15 10:29:07 faucet.valve INFO     DPID 1 (0x1) sw1 Port 1 state OFPPS_LIVE reset, ignoring in expectation of port down
Sep 15 10:29:07 faucet.valve INFO     DPID 1 (0x1) sw1 status change: Port 1 up status True reason DELETE state 0
Sep 15 10:29:07 faucet.valve INFO     DPID 1 (0x1) sw1 Port 1 (host1 container) down
Sep 15 10:29:07 faucet INFO     "{\"input\": {\"data\": {\"ip\": \"192.168.0.101\", \"kind\": \"port_mac\", \"data\": \"\"}}}"
Sep 15 10:29:07 faucet INFO     Send notify success
Sep 15 10:29:07 faucet INFO     "{\"input\": {\"data\": {\"ip\": \"192.168.0.101\", \"kind\": \"l2_port\", \"data\": \"\"}}}"
Sep 15 10:29:07 faucet INFO     Send notify success
Sep 15 10:29:07 faucet INFO     ************************** port change ***********************
Sep 15 10:29:07 faucet INFO     "{\"input\": {\"data\": {\"ip\": \"192.168.0.101\", \"kind\": \"port_mac\", \"data\": \"\"}}}"
Sep 15 10:29:07 faucet INFO     Send notify success
Sep 15 10:29:07 faucet INFO     "{\"input\": {\"data\": {\"ip\": \"192.168.0.101\", \"kind\": \"l2_port\", \"data\": \"\"}}}"
Sep 15 10:29:07 faucet INFO     Send notify success
Sep 15 10:29:07 faucet INFO     ************************** port change ***********************
Sep 15 10:29:07 faucet.valve INFO     DPID 1 (0x1) sw1 status change: Port 2 up status True reason DELETE state 4
Sep 15 10:29:07 faucet.valve INFO     DPID 1 (0x1) sw1 Port 2 (host2 container) down
Sep 15 10:29:07 faucet INFO     "{\"input\": {\"data\": {\"ip\": \"192.168.0.101\", \"kind\": \"port_mac\", \"data\": \"\"}}}"
Sep 15 10:29:07 faucet INFO     Send notify success
Sep 15 10:29:07 faucet INFO     "{\"input\": {\"data\": {\"ip\": \"192.168.0.101\", \"kind\": \"l2_port\", \"data\": \"\"}}}"
Sep 15 10:29:07 faucet INFO     Send notify success
Sep 15 10:29:07 faucet INFO     ************************** port change ***********************
Sep 15 10:29:07 faucet.valve WARNING  DPID 1 (0x1) sw1 datapath down
Sep 15 10:29:07 faucet.valve INFO     DPID 1 (0x1) sw1 Port 1 (host1 container) down
Sep 15 10:29:07 faucet.valve INFO     DPID 1 (0x1) sw1 Port 2 (host2 container) down
Sep 15 10:29:07 faucet.valve INFO     DPID 1 (0x1) sw1 Port 3 (guest1 container) down
Sep 15 10:29:07 faucet.valve INFO     DPID 1 (0x1) sw1 Port 4 (services container) down
Sep 15 10:29:07 faucet.valve INFO     DPID 1 (0x1) sw1 Port 5 (VLAN trunk to sw2) down
Sep 15 10:29:07 faucet INFO     "{\"input\": {\"data\": {\"ip\": \"192.168.0.101\", \"kind\": \"port_mac\", \"data\": \"\"}}}"
Sep 15 10:29:07 faucet INFO     Send notify success
Sep 15 10:29:07 faucet INFO     "{\"input\": {\"data\": {\"ip\": \"192.168.0.101\", \"kind\": \"l2_port\", \"data\": \"\"}}}"
Sep 15 10:29:07 faucet INFO     Send notify success
Sep 15 10:29:07 faucet INFO     ********************** switch disconnected *******************
Sep 15 10:29:09 faucet.valve INFO     DPID 1 (0x1) sw1 Cold start configuring DP
Sep 15 10:29:09 faucet.valve INFO     DPID 1 (0x1) sw1 Port 1 (host1 container) configured
Sep 15 10:29:09 faucet.valve INFO     DPID 1 (0x1) sw1 Port 2 (host2 container) configured
Sep 15 10:29:09 faucet.valve INFO     DPID 1 (0x1) sw1 Configuring VLAN office vid:100 tagged: Port 5 untagged: Port 1,Port 2,Port 4
Sep 15 10:29:09 faucet.valve INFO     DPID 1 (0x1) sw1 Configuring VLAN guest vid:200 untagged: Port 3
Sep 15 10:29:09 faucet INFO     "{\"input\": {\"data\": {\"ip\": \"192.168.0.101\", \"kind\": \"port_mac\", \"data\": \"\"}}}"
Sep 15 10:29:10 faucet INFO     Send notify success
Sep 15 10:29:10 faucet INFO     "{\"input\": {\"data\": {\"ip\": \"192.168.0.101\", \"kind\": \"l2_port\", \"data\": \"\"}}}"
Sep 15 10:29:10 faucet INFO     Send notify success
Sep 15 10:29:10 faucet INFO     ********************** switch connected **********************
Sep 15 10:29:10 faucet INFO     [(1, <ryu.controller.controller.Datapath object at 0x7f0751d389b0>)]
Sep 15 10:29:10 faucet.valve INFO     DPID 1 (0x1) sw1 L2 learned on Port 2 26:47:2b:e9:56:a0 (L2 type 0x86dd, L2 dst 33:33:ff:e9:56:a0, L3 src ::, L3 dst ff02::1:ffe9:56a0) Port 2 VLAN 100 (1 hosts total)
Sep 15 10:29:10 faucet.valve INFO     DPID 1 (0x1) sw1 L2 learned on Port 1 c6:d6:26:d5:12:6e (L2 type 0x86dd, L2 dst 33:33:00:00:00:16, L3 src None, L3 dst None) Port 1 VLAN 100 (2 hosts total)
Sep 15 10:29:11 faucet.valve INFO     DPID 1 (0x1) sw1 Responded to RS solicit from fe80::2447:2bff:fee9:56a0 (26:47:2b:e9:56:a0 (L2 type 0x86dd, L2 dst 33:33:00:00:00:02, L3 src fe80::2447:2bff:fee9:56a0, L3 dst ff02::2) Port 2 VLAN 100)
Sep 15 10:29:11 faucet.valve INFO     DPID 1 (0x1) sw1 status did not change: Port 2 up status True reason MODIFY state 4
Sep 15 10:29:11 faucet INFO     "{\"input\": {\"data\": {\"ip\": \"192.168.0.101\", \"kind\": \"port_mac\", \"data\": \"{\\\"port mac\\\": [{\\\"dp_id\\\": \\\"0x1\\\", \\\"dp_name\\\": \\\"sw1\\\", \\\"port\\\": \\\"h2\\\", \\\"port_description\\\": \\\"host2 container\\\", \\\"vlan\\\": \\\"100\\\", \\\"n\\\": \\\"0\\\"}, {\\\"dp_id\\\": \\\"0x1\\\", \\\"dp_name\\\": \\\"sw1\\\", \\\"port\\\": \\\"h1\\\", \\\"port_description\\\": \\\"host1 container\\\", \\\"vlan\\\": \\\"100\\\", \\\"n\\\": \\\"0\\\"}]}\"}}}"
Sep 15 10:29:11 faucet INFO     Send notify success
Sep 15 10:29:11 faucet INFO     "{\"input\": {\"data\": {\"ip\": \"192.168.0.101\", \"kind\": \"l2_port\", \"data\": \"{\\\"l2 port\\\": [{\\\"dp_id\\\": \\\"0x1\\\", \\\"dp_name\\\": \\\"sw1\\\", \\\"vid\\\": \\\"100\\\", \\\"eth_src\\\": \\\"26:47:2b:e9:56:a0\\\"}, {\\\"dp_id\\\": \\\"0x1\\\", \\\"dp_name\\\": \\\"sw1\\\", \\\"vid\\\": \\\"100\\\", \\\"eth_src\\\": \\\"c6:d6:26:d5:12:6e\\\"}]}\"}}}"
Sep 15 10:29:11 faucet INFO     Send notify success
Sep 15 10:29:11 faucet INFO     ************************** port change ***********************
Sep 15 10:29:11 faucet.valve INFO     DPID 1 (0x1) sw1 status did not change: Port 1 up status True reason MODIFY state 4
Sep 15 10:29:11 faucet INFO     "{\"input\": {\"data\": {\"ip\": \"192.168.0.101\", \"kind\": \"port_mac\", \"data\": \"{\\\"port mac\\\": [{\\\"dp_id\\\": \\\"0x1\\\", \\\"dp_name\\\": \\\"sw1\\\", \\\"port\\\": \\\"h2\\\", \\\"port_description\\\": \\\"host2 container\\\", \\\"vlan\\\": \\\"100\\\", \\\"n\\\": \\\"0\\\"}, {\\\"dp_id\\\": \\\"0x1\\\", \\\"dp_name\\\": \\\"sw1\\\", \\\"port\\\": \\\"h1\\\", \\\"port_description\\\": \\\"host1 container\\\", \\\"vlan\\\": \\\"100\\\", \\\"n\\\": \\\"0\\\"}]}\"}}}"
Sep 15 10:29:11 faucet INFO     Send notify success
Sep 15 10:29:11 faucet INFO     "{\"input\": {\"data\": {\"ip\": \"192.168.0.101\", \"kind\": \"l2_port\", \"data\": \"{\\\"l2 port\\\": [{\\\"dp_id\\\": \\\"0x1\\\", \\\"dp_name\\\": \\\"sw1\\\", \\\"vid\\\": \\\"100\\\", \\\"eth_src\\\": \\\"26:47:2b:e9:56:a0\\\"}, {\\\"dp_id\\\": \\\"0x1\\\", \\\"dp_name\\\": \\\"sw1\\\", \\\"vid\\\": \\\"100\\\", \\\"eth_src\\\": \\\"c6:d6:26:d5:12:6e\\\"}]}\"}}}"
Sep 15 10:29:11 faucet INFO     Send notify success
Sep 15 10:29:11 faucet INFO     ************************** port change ***********************
Sep 15 10:29:11 faucet.valve INFO     DPID 1 (0x1) sw1 L2 learned on Port 1 c6:d6:26:d5:12:6e (L2 type 0x86dd, L2 dst 33:33:00:00:00:02, L3 src fe80::c4d6:26ff:fed5:126e, L3 dst ff02::2) Port 1 VLAN 100 (2 hosts total)
Sep 15 10:29:11 faucet.valve INFO     DPID 1 (0x1) sw1 Responded to RS solicit from fe80::c4d6:26ff:fed5:126e (c6:d6:26:d5:12:6e (L2 type 0x86dd, L2 dst 33:33:00:00:00:02, L3 src fe80::c4d6:26ff:fed5:126e, L3 dst ff02::2) Port 1 VLAN 100)
Sep 15 10:29:13 faucet.valve INFO     DPID 1 (0x1) sw1 resolving 10.0.100.2 (1 flows) on VLAN 100
Sep 15 10:29:17 faucet.valve INFO     DPID 1 (0x1) sw1 resolving 10.0.100.2 retry 2 (last attempt was 3s ago; 1 flows) on VLAN 100
Sep 15 10:29:24 faucet.valve INFO     DPID 1 (0x1) sw1 resolving 10.0.100.2 retry 3 (last attempt was 6s ago; 1 flows) on VLAN 100
Sep 15 10:29:36 faucet.valve INFO     DPID 1 (0x1) sw1 resolving 10.0.100.2 retry 4 (last attempt was 12s ago; 1 flows) on VLAN 100
Sep 15 10:29:55 faucet.valve INFO     DPID 1 (0x1) sw1 resolving 10.0.100.2 retry 5 (last attempt was 19s ago; 1 flows) on VLAN 100
Sep 15 10:30:32 faucet.valve INFO     DPID 1 (0x1) sw1 resolving 10.0.100.2 retry 6 (last attempt was 37s ago; 1 flows) on VLAN 100
Sep 15 10:31:18 faucet ERROR    unexpected unknown thread termination - check Ryu/process stderr log
Sep 15 10:31:18 faucet.exception ERROR    Unhandled exception, killing RYU
Traceback (most recent call last):
  File "/home/namhust98/sina/faucet/faucet/valve_util.py", line 34, in __koe
    func(*args, **kwargs)
  File "/home/namhust98/sina/faucet/faucet/faucet.py", line 149, in _check_thread_exception
    super(Faucet, self)._check_thread_exception()
  File "/home/namhust98/sina/faucet/faucet/valve_ryuapp.py", line 91, in _check_thread_exception
    raise ValveDeadThreadException
faucet.valve_ryuapp.ValveDeadThreadException
Sep 15 10:31:19 faucet INFO     version 0.0.1.dev20
Sep 15 10:31:19 faucet INFO     Reloading configuration
Sep 15 10:31:19 faucet INFO     configuration /home/namhust98/sina/faucet/venv/etc/faucet/faucet.yaml changed, analyzing differences
Sep 15 10:31:19 faucet.config INFO     including file: /home/namhust98/sina/faucet/venv/etc/faucet/acls.yaml
Sep 15 10:31:19 faucet INFO     Add new datapath DPID 1 (0x1)
Sep 15 10:31:19 faucet.valve INFO     DPID 1 (0x1) sw1 IPv4 routing is active on VLAN office vid:100 tagged: Port 5 untagged: Port 1,Port 2,Port 4 with VIPs ['10.0.100.254/24']
Sep 15 10:31:19 faucet.valve INFO     DPID 1 (0x1) sw1 IPv4 routing is active on VLAN guest vid:200 untagged: Port 3 with VIPs ['10.0.200.254/24']
Sep 15 10:31:19 faucet.valve INFO     DPID 1 (0x1) sw1 IPv6 routing is active on VLAN office vid:100 tagged: Port 5 untagged: Port 1,Port 2,Port 4 with VIPs ['2001:100::1/64', 'fe80::c00:ff:fe00:1001/64']
Sep 15 10:31:19 faucet.valve INFO     DPID 1 (0x1) sw1 IPv6 routing is active on VLAN guest vid:200 untagged: Port 3 with VIPs ['2001:200::1/64', 'fe80::c00:ff:fe00:2001/64']
Sep 15 10:31:19 faucet.valve INFO     DPID 1 (0x1) sw1 table ID 0 table config match_types: (('eth_type', False), ('icmpv6_type', False), ('in_port', False), ('ip_proto', False), ('tcp_dst', False), ('udp_dst', False), ('udp_src', False)) name: port_acl next_tables: ['vlan', 'vip', 'eth_dst', 'flood'] output: True set_fields: ('eth_dst',) size: 32
Sep 15 10:31:19 faucet.valve INFO     DPID 1 (0x1) sw1 table ID 1 table config match_types: (('eth_dst', True), ('eth_type', False), ('in_port', False), ('vlan_vid', False)) name: vlan next_tables: ['vlan_acl', 'eth_src'] output: True set_fields: ('vlan_vid',) size: 32 table_id: 1 vlan_port_scale: 1.5
Sep 15 10:31:19 faucet.valve INFO     DPID 1 (0x1) sw1 table ID 2 table config match_types: (('eth_type', False), ('ipv4_dst', True), ('ipv4_src', True), ('vlan_vid', False)) name: vlan_acl next_tables: ['eth_src', 'eth_dst', 'flood'] output: True size: 32 table_id: 2
Sep 15 10:31:19 faucet.valve INFO     DPID 1 (0x1) sw1 table ID 3 table config match_types: (('eth_dst', True), ('eth_src', False), ('eth_type', False), ('in_port', False), ('vlan_vid', False)) miss_goto: eth_dst name: eth_src next_tables: ['ipv4_fib', 'ipv6_fib', 'vip', 'eth_dst', 'flood'] output: True set_fields: ('vlan_vid', 'eth_dst') size: 64 table_id: 3 vlan_port_scale: 4.1
Sep 15 10:31:19 faucet.valve INFO     DPID 1 (0x1) sw1 table ID 4 table config dec_ttl: True match_types: (('eth_type', False), ('ipv4_dst', True), ('vlan_vid', False)) name: ipv4_fib next_tables: ['vip', 'eth_dst', 'flood'] output: True set_fields: ('eth_dst', 'eth_src', 'vlan_vid') size: 32 table_id: 4 vlan_port_scale: 3.1
Sep 15 10:31:19 faucet.valve INFO     DPID 1 (0x1) sw1 table ID 5 table config dec_ttl: True match_types: (('eth_type', False), ('ipv6_dst', True), ('vlan_vid', False)) name: ipv6_fib next_tables: ['vip', 'eth_dst', 'flood'] output: True set_fields: ('eth_dst', 'eth_src', 'vlan_vid') size: 32 table_id: 5 vlan_port_scale: 3.1
Sep 15 10:31:19 faucet.valve INFO     DPID 1 (0x1) sw1 table ID 6 table config match_types: (('arp_tpa', False), ('eth_dst', False), ('eth_type', False), ('icmpv6_type', False), ('ip_proto', False)) name: vip next_tables: ['eth_dst', 'flood'] output: True size: 32 table_id: 6 vlan_scale: 8
Sep 15 10:31:19 faucet.valve INFO     DPID 1 (0x1) sw1 table ID 7 table config exact_match: True match_types: (('eth_dst', False), ('vlan_vid', False)) miss_goto: flood name: eth_dst output: True size: 64 table_id: 7 vlan_port_scale: 4.1
Sep 15 10:31:19 faucet.valve INFO     DPID 1 (0x1) sw1 table ID 8 table config match_types: (('eth_dst', True), ('in_port', False), ('vlan_vid', False)) name: flood output: True size: 96 table_id: 8 vlan_port_scale: 7.0
Sep 15 10:31:19 faucet INFO     Add new datapath DPID 2 (0x2)
Sep 15 10:31:19 faucet.valve INFO     DPID 2 (0x2) sw2 IPv4 routing is active on VLAN office vid:100 tagged: Port 24 untagged: Port 1 with VIPs ['10.0.100.254/24']
Sep 15 10:31:19 faucet.valve INFO     DPID 2 (0x2) sw2 IPv4 routing is active on VLAN guest vid:200 tagged: Port 24 untagged: Port 2,Port 4 with VIPs ['10.0.200.254/24']
Sep 15 10:31:19 faucet.valve INFO     DPID 2 (0x2) sw2 IPv6 routing is active on VLAN office vid:100 tagged: Port 24 untagged: Port 1 with VIPs ['2001:100::1/64', 'fe80::c00:ff:fe00:1001/64']
Sep 15 10:31:19 faucet.valve INFO     DPID 2 (0x2) sw2 IPv6 routing is active on VLAN guest vid:200 tagged: Port 24 untagged: Port 2,Port 4 with VIPs ['2001:200::1/64', 'fe80::c00:ff:fe00:2001/64']
Sep 15 10:31:19 faucet.valve INFO     DPID 2 (0x2) sw2 table ID 0 table config match_types: (('eth_type', False), ('icmpv6_type', False), ('in_port', False), ('ip_proto', False), ('tcp_dst', False), ('udp_dst', False), ('udp_src', False)) name: port_acl next_tables: ['vlan', 'vip', 'eth_dst', 'flood'] output: True set_fields: ('eth_dst',) size: 32
Sep 15 10:31:19 faucet.valve INFO     DPID 2 (0x2) sw2 table ID 1 table config match_types: (('eth_dst', True), ('eth_type', False), ('in_port', False), ('vlan_vid', False)) name: vlan next_tables: ['vlan_acl', 'eth_src'] output: True set_fields: ('vlan_vid',) size: 32 table_id: 1 vlan_port_scale: 1.5
Sep 15 10:31:19 faucet.valve INFO     DPID 2 (0x2) sw2 table ID 2 table config match_types: (('eth_type', False), ('ipv4_dst', True), ('ipv4_src', True), ('vlan_vid', False)) name: vlan_acl next_tables: ['eth_src', 'eth_dst', 'flood'] output: True size: 32 table_id: 2
Sep 15 10:31:19 faucet.valve INFO     DPID 2 (0x2) sw2 table ID 3 table config match_types: (('eth_dst', True), ('eth_src', False), ('eth_type', False), ('in_port', False), ('vlan_vid', False)) miss_goto: eth_dst name: eth_src next_tables: ['ipv4_fib', 'ipv6_fib', 'vip', 'eth_dst', 'flood'] output: True set_fields: ('vlan_vid', 'eth_dst') size: 64 table_id: 3 vlan_port_scale: 4.1
Sep 15 10:31:19 faucet.valve INFO     DPID 2 (0x2) sw2 table ID 4 table config dec_ttl: True match_types: (('eth_type', False), ('ipv4_dst', True), ('vlan_vid', False)) name: ipv4_fib next_tables: ['vip', 'eth_dst', 'flood'] output: True set_fields: ('eth_dst', 'eth_src', 'vlan_vid') size: 32 table_id: 4 vlan_port_scale: 3.1
Sep 15 10:31:19 faucet.valve INFO     DPID 2 (0x2) sw2 table ID 5 table config dec_ttl: True match_types: (('eth_type', False), ('ipv6_dst', True), ('vlan_vid', False)) name: ipv6_fib next_tables: ['vip', 'eth_dst', 'flood'] output: True set_fields: ('eth_dst', 'eth_src', 'vlan_vid') size: 32 table_id: 5 vlan_port_scale: 3.1
Sep 15 10:31:19 faucet.valve INFO     DPID 2 (0x2) sw2 table ID 6 table config match_types: (('arp_tpa', False), ('eth_dst', False), ('eth_type', False), ('icmpv6_type', False), ('ip_proto', False)) name: vip next_tables: ['eth_dst', 'flood'] output: True size: 32 table_id: 6 vlan_scale: 8
Sep 15 10:31:19 faucet.valve INFO     DPID 2 (0x2) sw2 table ID 7 table config exact_match: True match_types: (('eth_dst', False), ('vlan_vid', False)) miss_goto: flood name: eth_dst output: True size: 64 table_id: 7 vlan_port_scale: 4.1
Sep 15 10:31:19 faucet.valve INFO     DPID 2 (0x2) sw2 table ID 8 table config match_types: (('eth_dst', True), ('in_port', False), ('vlan_vid', False)) name: flood output: True size: 64 table_id: 8 vlan_port_scale: 7.0
Sep 15 10:31:20 faucet.valve INFO     DPID 1 (0x1) sw1 Cold start configuring DP
Sep 15 10:31:20 faucet.valve INFO     DPID 1 (0x1) sw1 Port 1 (host1 container) configured
Sep 15 10:31:20 faucet.valve INFO     DPID 1 (0x1) sw1 Port 2 (host2 container) configured
Sep 15 10:31:20 faucet.valve INFO     DPID 1 (0x1) sw1 Configuring VLAN office vid:100 tagged: Port 5 untagged: Port 1,Port 2,Port 4
Sep 15 10:31:20 faucet.valve INFO     DPID 1 (0x1) sw1 Configuring VLAN guest vid:200 untagged: Port 3
Sep 15 10:31:20 faucet INFO     ********************** switch connected **********************
Sep 15 10:31:20 faucet INFO     [(1, <ryu.controller.controller.Datapath object at 0x7f98ab488b00>)]
Sep 15 10:31:25 faucet.valve INFO     DPID 1 (0x1) sw1 resolving 10.0.100.2 (1 flows) on VLAN 100
Sep 15 10:31:25 faucet.valve INFO     DPID 1 (0x1) sw1 status did not change: Port 1 up status True reason MODIFY state 0
Sep 15 10:31:25 faucet.valve INFO     DPID 1 (0x1) sw1 Port 1 state OFPPS_LIVE reset, ignoring in expectation of port down
Sep 15 10:31:26 faucet.valve INFO     DPID 1 (0x1) sw1 status change: Port 1 up status True reason DELETE state 0
Sep 15 10:31:26 faucet.valve INFO     DPID 1 (0x1) sw1 Port 1 (host1 container) down
Sep 15 10:31:26 faucet INFO     odl "{\"input\": {\"data\": {\"ip\": \"192.168.0.101\", \"kind\": \"port_mac\", \"data\": \"\"}}}"
Sep 15 10:31:26 faucet INFO     Send notify success
Sep 15 10:31:26 faucet INFO     onos {"ip": "192.168.0.101", "kind": "port_mac", "data": ""}
Sep 15 10:31:26 faucet INFO     odl "{\"input\": {\"data\": {\"ip\": \"192.168.0.101\", \"kind\": \"l2_port\", \"data\": \"\"}}}"
Sep 15 10:31:26 faucet INFO     Send notify success
Sep 15 10:31:26 faucet INFO     onos {"ip": "192.168.0.101", "kind": "l2_port", "data": ""}
Sep 15 10:31:26 faucet INFO     ************************** port change ***********************
Sep 15 10:31:26 faucet INFO     odl "{\"input\": {\"data\": {\"ip\": \"192.168.0.101\", \"kind\": \"port_mac\", \"data\": \"\"}}}"
Sep 15 10:31:26 faucet INFO     Send notify success
Sep 15 10:31:26 faucet INFO     onos {"ip": "192.168.0.101", "kind": "port_mac", "data": ""}
Sep 15 10:31:26 faucet INFO     odl "{\"input\": {\"data\": {\"ip\": \"192.168.0.101\", \"kind\": \"l2_port\", \"data\": \"\"}}}"
Sep 15 10:31:26 faucet INFO     Send notify success
Sep 15 10:31:26 faucet INFO     onos {"ip": "192.168.0.101", "kind": "l2_port", "data": ""}
Sep 15 10:31:26 faucet INFO     ************************** port change ***********************
Sep 15 10:31:26 faucet.valve INFO     DPID 1 (0x1) sw1 status did not change: Port 2 up status True reason MODIFY state 0
Sep 15 10:31:26 faucet.valve INFO     DPID 1 (0x1) sw1 Port 2 state OFPPS_LIVE reset, ignoring in expectation of port down
Sep 15 10:31:26 faucet.valve INFO     DPID 1 (0x1) sw1 status change: Port 2 up status True reason DELETE state 0
Sep 15 10:31:26 faucet.valve INFO     DPID 1 (0x1) sw1 Port 2 (host2 container) down
Sep 15 10:31:26 faucet INFO     odl "{\"input\": {\"data\": {\"ip\": \"192.168.0.101\", \"kind\": \"port_mac\", \"data\": \"\"}}}"
Sep 15 10:31:26 faucet INFO     Send notify success
Sep 15 10:31:26 faucet INFO     onos {"ip": "192.168.0.101", "kind": "port_mac", "data": ""}
Sep 15 10:31:26 faucet INFO     odl "{\"input\": {\"data\": {\"ip\": \"192.168.0.101\", \"kind\": \"l2_port\", \"data\": \"\"}}}"
Sep 15 10:31:26 faucet INFO     Send notify success
Sep 15 10:31:26 faucet INFO     onos {"ip": "192.168.0.101", "kind": "l2_port", "data": ""}
Sep 15 10:31:26 faucet INFO     ************************** port change ***********************
Sep 15 10:31:26 faucet INFO     odl "{\"input\": {\"data\": {\"ip\": \"192.168.0.101\", \"kind\": \"port_mac\", \"data\": \"\"}}}"
Sep 15 10:31:26 faucet INFO     Send notify success
Sep 15 10:31:26 faucet INFO     onos {"ip": "192.168.0.101", "kind": "port_mac", "data": ""}
Sep 15 10:31:26 faucet INFO     odl "{\"input\": {\"data\": {\"ip\": \"192.168.0.101\", \"kind\": \"l2_port\", \"data\": \"\"}}}"
Sep 15 10:31:26 faucet INFO     Send notify success
Sep 15 10:31:26 faucet INFO     onos {"ip": "192.168.0.101", "kind": "l2_port", "data": ""}
Sep 15 10:31:26 faucet INFO     ************************** port change ***********************
Sep 15 10:31:26 faucet.valve WARNING  DPID 1 (0x1) sw1 datapath down
Sep 15 10:31:26 faucet.valve INFO     DPID 1 (0x1) sw1 Port 1 (host1 container) down
Sep 15 10:31:26 faucet.valve INFO     DPID 1 (0x1) sw1 Port 2 (host2 container) down
Sep 15 10:31:26 faucet.valve INFO     DPID 1 (0x1) sw1 Port 3 (guest1 container) down
Sep 15 10:31:26 faucet.valve INFO     DPID 1 (0x1) sw1 Port 4 (services container) down
Sep 15 10:31:26 faucet.valve INFO     DPID 1 (0x1) sw1 Port 5 (VLAN trunk to sw2) down
Sep 15 10:31:26 faucet INFO     odl "{\"input\": {\"data\": {\"ip\": \"192.168.0.101\", \"kind\": \"port_mac\", \"data\": \"\"}}}"
Sep 15 10:31:26 faucet INFO     Send notify success
Sep 15 10:31:26 faucet INFO     onos {"ip": "192.168.0.101", "kind": "port_mac", "data": ""}
Sep 15 10:31:26 faucet INFO     odl "{\"input\": {\"data\": {\"ip\": \"192.168.0.101\", \"kind\": \"l2_port\", \"data\": \"\"}}}"
Sep 15 10:31:26 faucet INFO     Send notify success
Sep 15 10:31:26 faucet INFO     onos {"ip": "192.168.0.101", "kind": "l2_port", "data": ""}
Sep 15 10:31:26 faucet INFO     ********************** switch disconnected *******************
Sep 15 10:31:27 faucet.valve INFO     DPID 1 (0x1) sw1 Cold start configuring DP
Sep 15 10:31:27 faucet.valve INFO     DPID 1 (0x1) sw1 Port 1 (host1 container) configured
Sep 15 10:31:27 faucet.valve INFO     DPID 1 (0x1) sw1 Port 2 (host2 container) configured
Sep 15 10:31:27 faucet.valve INFO     DPID 1 (0x1) sw1 Configuring VLAN office vid:100 tagged: Port 5 untagged: Port 1,Port 2,Port 4
Sep 15 10:31:27 faucet.valve INFO     DPID 1 (0x1) sw1 Configuring VLAN guest vid:200 untagged: Port 3
Sep 15 10:31:27 faucet INFO     odl "{\"input\": {\"data\": {\"ip\": \"192.168.0.101\", \"kind\": \"port_mac\", \"data\": \"\"}}}"
Sep 15 10:31:27 faucet INFO     Send notify success
Sep 15 10:31:27 faucet INFO     onos {"ip": "192.168.0.101", "kind": "port_mac", "data": ""}
Sep 15 10:31:27 faucet INFO     odl "{\"input\": {\"data\": {\"ip\": \"192.168.0.101\", \"kind\": \"l2_port\", \"data\": \"\"}}}"
Sep 15 10:31:27 faucet INFO     Send notify success
Sep 15 10:31:27 faucet INFO     onos {"ip": "192.168.0.101", "kind": "l2_port", "data": ""}
Sep 15 10:31:27 faucet INFO     ********************** switch connected **********************
Sep 15 10:31:27 faucet INFO     [(1, <ryu.controller.controller.Datapath object at 0x7f98ab519d68>)]
Sep 15 10:31:27 faucet.valve INFO     DPID 1 (0x1) sw1 L2 learned on Port 1 4e:99:69:aa:ba:f5 (L2 type 0x86dd, L2 dst 33:33:00:00:00:16, L3 src None, L3 dst None) Port 1 VLAN 100 (1 hosts total)
Sep 15 10:31:27 faucet.valve INFO     DPID 1 (0x1) sw1 L2 learned on Port 2 de:ce:39:d8:16:e5 (L2 type 0x86dd, L2 dst 33:33:ff:d8:16:e5, L3 src ::, L3 dst ff02::1:ffd8:16e5) Port 2 VLAN 100 (2 hosts total)
Sep 15 10:31:28 faucet.valve INFO     DPID 1 (0x1) sw1 status did not change: Port 1 up status True reason MODIFY state 4
Sep 15 10:31:28 faucet INFO     odl "{\"input\": {\"data\": {\"ip\": \"192.168.0.101\", \"kind\": \"port_mac\", \"data\": \"{\\\"port mac\\\": [{\\\"dp_id\\\": \\\"0x1\\\", \\\"dp_name\\\": \\\"sw1\\\", \\\"port\\\": \\\"h1\\\", \\\"port_description\\\": \\\"host1 container\\\", \\\"vlan\\\": \\\"100\\\", \\\"n\\\": \\\"0\\\"}, {\\\"dp_id\\\": \\\"0x1\\\", \\\"dp_name\\\": \\\"sw1\\\", \\\"port\\\": \\\"h2\\\", \\\"port_description\\\": \\\"host2 container\\\", \\\"vlan\\\": \\\"100\\\", \\\"n\\\": \\\"0\\\"}]}\"}}}"
Sep 15 10:31:28 faucet INFO     Send notify success
Sep 15 10:31:28 faucet INFO     onos {"ip": "192.168.0.101", "kind": "port_mac", "data": "{\"port mac\": [{\"dp_id\": \"0x1\", \"dp_name\": \"sw1\", \"port\": \"h1\", \"port_description\": \"host1 container\", \"vlan\": \"100\", \"n\": \"0\"}, {\"dp_id\": \"0x1\", \"dp_name\": \"sw1\", \"port\": \"h2\", \"port_description\": \"host2 container\", \"vlan\": \"100\", \"n\": \"0\"}]}"}
Sep 15 10:31:28 faucet INFO     odl "{\"input\": {\"data\": {\"ip\": \"192.168.0.101\", \"kind\": \"l2_port\", \"data\": \"{\\\"l2 port\\\": [{\\\"dp_id\\\": \\\"0x1\\\", \\\"dp_name\\\": \\\"sw1\\\", \\\"vid\\\": \\\"100\\\", \\\"eth_src\\\": \\\"4e:99:69:aa:ba:f5\\\"}, {\\\"dp_id\\\": \\\"0x1\\\", \\\"dp_name\\\": \\\"sw1\\\", \\\"vid\\\": \\\"100\\\", \\\"eth_src\\\": \\\"de:ce:39:d8:16:e5\\\"}]}\"}}}"
Sep 15 10:31:28 faucet INFO     Send notify success
Sep 15 10:31:28 faucet INFO     onos {"ip": "192.168.0.101", "kind": "l2_port", "data": "{\"l2 port\": [{\"dp_id\": \"0x1\", \"dp_name\": \"sw1\", \"vid\": \"100\", \"eth_src\": \"4e:99:69:aa:ba:f5\"}, {\"dp_id\": \"0x1\", \"dp_name\": \"sw1\", \"vid\": \"100\", \"eth_src\": \"de:ce:39:d8:16:e5\"}]}"}
Sep 15 10:31:28 faucet INFO     ************************** port change ***********************
Sep 15 10:31:28 faucet.valve INFO     DPID 1 (0x1) sw1 Responded to RS solicit from fe80::dcce:39ff:fed8:16e5 (de:ce:39:d8:16:e5 (L2 type 0x86dd, L2 dst 33:33:00:00:00:02, L3 src fe80::dcce:39ff:fed8:16e5, L3 dst ff02::2) Port 2 VLAN 100)
Sep 15 10:31:28 faucet.valve INFO     DPID 1 (0x1) sw1 L2 learned on Port 1 4e:99:69:aa:ba:f5 (L2 type 0x86dd, L2 dst 33:33:00:00:00:02, L3 src fe80::4c99:69ff:feaa:baf5, L3 dst ff02::2) Port 1 VLAN 100 (2 hosts total)
Sep 15 10:31:28 faucet.valve INFO     DPID 1 (0x1) sw1 Responded to RS solicit from fe80::4c99:69ff:feaa:baf5 (4e:99:69:aa:ba:f5 (L2 type 0x86dd, L2 dst 33:33:00:00:00:02, L3 src fe80::4c99:69ff:feaa:baf5, L3 dst ff02::2) Port 1 VLAN 100)
Sep 15 10:31:28 faucet.valve INFO     DPID 1 (0x1) sw1 status did not change: Port 2 up status True reason MODIFY state 4
Sep 15 10:31:28 faucet INFO     odl "{\"input\": {\"data\": {\"ip\": \"192.168.0.101\", \"kind\": \"port_mac\", \"data\": \"{\\\"port mac\\\": [{\\\"dp_id\\\": \\\"0x1\\\", \\\"dp_name\\\": \\\"sw1\\\", \\\"port\\\": \\\"h1\\\", \\\"port_description\\\": \\\"host1 container\\\", \\\"vlan\\\": \\\"100\\\", \\\"n\\\": \\\"0\\\"}, {\\\"dp_id\\\": \\\"0x1\\\", \\\"dp_name\\\": \\\"sw1\\\", \\\"port\\\": \\\"h2\\\", \\\"port_description\\\": \\\"host2 container\\\", \\\"vlan\\\": \\\"100\\\", \\\"n\\\": \\\"0\\\"}]}\"}}}"
Sep 15 10:31:28 faucet INFO     Send notify success
Sep 15 10:31:28 faucet INFO     onos {"ip": "192.168.0.101", "kind": "port_mac", "data": "{\"port mac\": [{\"dp_id\": \"0x1\", \"dp_name\": \"sw1\", \"port\": \"h1\", \"port_description\": \"host1 container\", \"vlan\": \"100\", \"n\": \"0\"}, {\"dp_id\": \"0x1\", \"dp_name\": \"sw1\", \"port\": \"h2\", \"port_description\": \"host2 container\", \"vlan\": \"100\", \"n\": \"0\"}]}"}
Sep 15 10:31:28 faucet INFO     odl "{\"input\": {\"data\": {\"ip\": \"192.168.0.101\", \"kind\": \"l2_port\", \"data\": \"{\\\"l2 port\\\": [{\\\"dp_id\\\": \\\"0x1\\\", \\\"dp_name\\\": \\\"sw1\\\", \\\"vid\\\": \\\"100\\\", \\\"eth_src\\\": \\\"4e:99:69:aa:ba:f5\\\"}, {\\\"dp_id\\\": \\\"0x1\\\", \\\"dp_name\\\": \\\"sw1\\\", \\\"vid\\\": \\\"100\\\", \\\"eth_src\\\": \\\"de:ce:39:d8:16:e5\\\"}]}\"}}}"
Sep 15 10:31:28 faucet INFO     Send notify success
Sep 15 10:31:28 faucet INFO     onos {"ip": "192.168.0.101", "kind": "l2_port", "data": "{\"l2 port\": [{\"dp_id\": \"0x1\", \"dp_name\": \"sw1\", \"vid\": \"100\", \"eth_src\": \"4e:99:69:aa:ba:f5\"}, {\"dp_id\": \"0x1\", \"dp_name\": \"sw1\", \"vid\": \"100\", \"eth_src\": \"de:ce:39:d8:16:e5\"}]}"}
Sep 15 10:31:28 faucet INFO     ************************** port change ***********************
Sep 15 10:31:32 faucet.valve INFO     DPID 1 (0x1) sw1 resolving 10.0.100.2 (1 flows) on VLAN 100
Sep 15 10:31:35 faucet.valve INFO     DPID 1 (0x1) sw1 resolving 10.0.100.2 retry 2 (last attempt was 3s ago; 1 flows) on VLAN 100
Sep 15 10:31:41 faucet.valve INFO     DPID 1 (0x1) sw1 resolving 10.0.100.2 retry 3 (last attempt was 6s ago; 1 flows) on VLAN 100
Sep 15 10:31:53 faucet.valve INFO     DPID 1 (0x1) sw1 resolving 10.0.100.2 retry 4 (last attempt was 11s ago; 1 flows) on VLAN 100
Sep 15 10:32:12 faucet.valve INFO     DPID 1 (0x1) sw1 resolving 10.0.100.2 retry 5 (last attempt was 19s ago; 1 flows) on VLAN 100
Sep 15 10:32:29 faucet.valve INFO     DPID 1 (0x1) sw1 status did not change: Port 1 up status True reason MODIFY state 0
Sep 15 10:32:29 faucet.valve INFO     DPID 1 (0x1) sw1 Port 1 state OFPPS_LIVE reset, ignoring in expectation of port down
Sep 15 10:32:29 faucet.valve INFO     DPID 1 (0x1) sw1 status change: Port 1 up status True reason DELETE state 0
Sep 15 10:32:29 faucet.valve INFO     DPID 1 (0x1) sw1 Port 1 (host1 container) down
Sep 15 10:32:29 faucet INFO     odl "{\"input\": {\"data\": {\"ip\": \"192.168.0.101\", \"kind\": \"port_mac\", \"data\": \"{\\\"port mac\\\": [{\\\"dp_id\\\": \\\"0x1\\\", \\\"dp_name\\\": \\\"sw1\\\", \\\"port\\\": \\\"h1\\\", \\\"port_description\\\": \\\"host1 container\\\", \\\"vlan\\\": \\\"100\\\", \\\"n\\\": \\\"0\\\"}, {\\\"dp_id\\\": \\\"0x1\\\", \\\"dp_name\\\": \\\"sw1\\\", \\\"port\\\": \\\"h2\\\", \\\"port_description\\\": \\\"host2 container\\\", \\\"vlan\\\": \\\"100\\\", \\\"n\\\": \\\"0\\\"}]}\"}}}"
Sep 15 10:32:29 faucet INFO     Send notify success
Sep 15 10:32:29 faucet INFO     onos {"ip": "192.168.0.101", "kind": "port_mac", "data": "{\"port mac\": [{\"dp_id\": \"0x1\", \"dp_name\": \"sw1\", \"port\": \"h1\", \"port_description\": \"host1 container\", \"vlan\": \"100\", \"n\": \"0\"}, {\"dp_id\": \"0x1\", \"dp_name\": \"sw1\", \"port\": \"h2\", \"port_description\": \"host2 container\", \"vlan\": \"100\", \"n\": \"0\"}]}"}
Sep 15 10:32:29 faucet INFO     odl "{\"input\": {\"data\": {\"ip\": \"192.168.0.101\", \"kind\": \"l2_port\", \"data\": \"{\\\"l2 port\\\": [{\\\"dp_id\\\": \\\"0x1\\\", \\\"dp_name\\\": \\\"sw1\\\", \\\"vid\\\": \\\"100\\\", \\\"eth_src\\\": \\\"4e:99:69:aa:ba:f5\\\"}, {\\\"dp_id\\\": \\\"0x1\\\", \\\"dp_name\\\": \\\"sw1\\\", \\\"vid\\\": \\\"100\\\", \\\"eth_src\\\": \\\"de:ce:39:d8:16:e5\\\"}]}\"}}}"
Sep 15 10:32:29 faucet INFO     Send notify success
Sep 15 10:32:29 faucet INFO     onos {"ip": "192.168.0.101", "kind": "l2_port", "data": "{\"l2 port\": [{\"dp_id\": \"0x1\", \"dp_name\": \"sw1\", \"vid\": \"100\", \"eth_src\": \"4e:99:69:aa:ba:f5\"}, {\"dp_id\": \"0x1\", \"dp_name\": \"sw1\", \"vid\": \"100\", \"eth_src\": \"de:ce:39:d8:16:e5\"}]}"}
Sep 15 10:32:29 faucet INFO     ************************** port change ***********************
Sep 15 10:32:29 faucet INFO     odl "{\"input\": {\"data\": {\"ip\": \"192.168.0.101\", \"kind\": \"port_mac\", \"data\": \"{\\\"port mac\\\": [{\\\"dp_id\\\": \\\"0x1\\\", \\\"dp_name\\\": \\\"sw1\\\", \\\"port\\\": \\\"h1\\\", \\\"port_description\\\": \\\"host1 container\\\", \\\"vlan\\\": \\\"100\\\", \\\"n\\\": \\\"0\\\"}, {\\\"dp_id\\\": \\\"0x1\\\", \\\"dp_name\\\": \\\"sw1\\\", \\\"port\\\": \\\"h2\\\", \\\"port_description\\\": \\\"host2 container\\\", \\\"vlan\\\": \\\"100\\\", \\\"n\\\": \\\"0\\\"}]}\"}}}"
Sep 15 10:32:29 faucet INFO     Send notify success
Sep 15 10:32:29 faucet INFO     onos {"ip": "192.168.0.101", "kind": "port_mac", "data": "{\"port mac\": [{\"dp_id\": \"0x1\", \"dp_name\": \"sw1\", \"port\": \"h1\", \"port_description\": \"host1 container\", \"vlan\": \"100\", \"n\": \"0\"}, {\"dp_id\": \"0x1\", \"dp_name\": \"sw1\", \"port\": \"h2\", \"port_description\": \"host2 container\", \"vlan\": \"100\", \"n\": \"0\"}]}"}
Sep 15 10:32:29 faucet INFO     odl "{\"input\": {\"data\": {\"ip\": \"192.168.0.101\", \"kind\": \"l2_port\", \"data\": \"{\\\"l2 port\\\": [{\\\"dp_id\\\": \\\"0x1\\\", \\\"dp_name\\\": \\\"sw1\\\", \\\"vid\\\": \\\"100\\\", \\\"eth_src\\\": \\\"4e:99:69:aa:ba:f5\\\"}, {\\\"dp_id\\\": \\\"0x1\\\", \\\"dp_name\\\": \\\"sw1\\\", \\\"vid\\\": \\\"100\\\", \\\"eth_src\\\": \\\"de:ce:39:d8:16:e5\\\"}]}\"}}}"
Sep 15 10:32:29 faucet INFO     Send notify success
Sep 15 10:32:29 faucet INFO     onos {"ip": "192.168.0.101", "kind": "l2_port", "data": "{\"l2 port\": [{\"dp_id\": \"0x1\", \"dp_name\": \"sw1\", \"vid\": \"100\", \"eth_src\": \"4e:99:69:aa:ba:f5\"}, {\"dp_id\": \"0x1\", \"dp_name\": \"sw1\", \"vid\": \"100\", \"eth_src\": \"de:ce:39:d8:16:e5\"}]}"}
Sep 15 10:32:29 faucet INFO     ************************** port change ***********************
Sep 15 10:32:29 faucet.valve INFO     DPID 1 (0x1) sw1 status change: Port 2 up status True reason DELETE state 4
Sep 15 10:32:29 faucet.valve INFO     DPID 1 (0x1) sw1 Port 2 (host2 container) down
Sep 15 10:32:29 faucet INFO     odl "{\"input\": {\"data\": {\"ip\": \"192.168.0.101\", \"kind\": \"port_mac\", \"data\": \"{\\\"port mac\\\": [{\\\"dp_id\\\": \\\"0x1\\\", \\\"dp_name\\\": \\\"sw1\\\", \\\"port\\\": \\\"h1\\\", \\\"port_description\\\": \\\"host1 container\\\", \\\"vlan\\\": \\\"100\\\", \\\"n\\\": \\\"0\\\"}, {\\\"dp_id\\\": \\\"0x1\\\", \\\"dp_name\\\": \\\"sw1\\\", \\\"port\\\": \\\"h2\\\", \\\"port_description\\\": \\\"host2 container\\\", \\\"vlan\\\": \\\"100\\\", \\\"n\\\": \\\"0\\\"}]}\"}}}"
Sep 15 10:32:29 faucet INFO     Send notify success
Sep 15 10:32:29 faucet INFO     onos {"ip": "192.168.0.101", "kind": "port_mac", "data": "{\"port mac\": [{\"dp_id\": \"0x1\", \"dp_name\": \"sw1\", \"port\": \"h1\", \"port_description\": \"host1 container\", \"vlan\": \"100\", \"n\": \"0\"}, {\"dp_id\": \"0x1\", \"dp_name\": \"sw1\", \"port\": \"h2\", \"port_description\": \"host2 container\", \"vlan\": \"100\", \"n\": \"0\"}]}"}
Sep 15 10:32:29 faucet INFO     odl "{\"input\": {\"data\": {\"ip\": \"192.168.0.101\", \"kind\": \"l2_port\", \"data\": \"{\\\"l2 port\\\": [{\\\"dp_id\\\": \\\"0x1\\\", \\\"dp_name\\\": \\\"sw1\\\", \\\"vid\\\": \\\"100\\\", \\\"eth_src\\\": \\\"4e:99:69:aa:ba:f5\\\"}, {\\\"dp_id\\\": \\\"0x1\\\", \\\"dp_name\\\": \\\"sw1\\\", \\\"vid\\\": \\\"100\\\", \\\"eth_src\\\": \\\"de:ce:39:d8:16:e5\\\"}]}\"}}}"
Sep 15 10:32:29 faucet INFO     Send notify success
Sep 15 10:32:29 faucet INFO     onos {"ip": "192.168.0.101", "kind": "l2_port", "data": "{\"l2 port\": [{\"dp_id\": \"0x1\", \"dp_name\": \"sw1\", \"vid\": \"100\", \"eth_src\": \"4e:99:69:aa:ba:f5\"}, {\"dp_id\": \"0x1\", \"dp_name\": \"sw1\", \"vid\": \"100\", \"eth_src\": \"de:ce:39:d8:16:e5\"}]}"}
Sep 15 10:32:29 faucet INFO     ************************** port change ***********************
Sep 15 10:32:29 faucet.valve WARNING  DPID 1 (0x1) sw1 datapath down
Sep 15 10:32:29 faucet.valve INFO     DPID 1 (0x1) sw1 Port 1 (host1 container) down
Sep 15 10:32:29 faucet.valve INFO     DPID 1 (0x1) sw1 Port 2 (host2 container) down
Sep 15 10:32:29 faucet.valve INFO     DPID 1 (0x1) sw1 Port 3 (guest1 container) down
Sep 15 10:32:29 faucet.valve INFO     DPID 1 (0x1) sw1 Port 4 (services container) down
Sep 15 10:32:29 faucet.valve INFO     DPID 1 (0x1) sw1 Port 5 (VLAN trunk to sw2) down
Sep 15 10:32:29 faucet INFO     odl "{\"input\": {\"data\": {\"ip\": \"192.168.0.101\", \"kind\": \"port_mac\", \"data\": \"{\\\"port mac\\\": [{\\\"dp_id\\\": \\\"0x1\\\", \\\"dp_name\\\": \\\"sw1\\\", \\\"port\\\": \\\"h1\\\", \\\"port_description\\\": \\\"host1 container\\\", \\\"vlan\\\": \\\"100\\\", \\\"n\\\": \\\"0\\\"}, {\\\"dp_id\\\": \\\"0x1\\\", \\\"dp_name\\\": \\\"sw1\\\", \\\"port\\\": \\\"h2\\\", \\\"port_description\\\": \\\"host2 container\\\", \\\"vlan\\\": \\\"100\\\", \\\"n\\\": \\\"0\\\"}]}\"}}}"
Sep 15 10:32:29 faucet INFO     Send notify success
Sep 15 10:32:29 faucet INFO     onos {"ip": "192.168.0.101", "kind": "port_mac", "data": "{\"port mac\": [{\"dp_id\": \"0x1\", \"dp_name\": \"sw1\", \"port\": \"h1\", \"port_description\": \"host1 container\", \"vlan\": \"100\", \"n\": \"0\"}, {\"dp_id\": \"0x1\", \"dp_name\": \"sw1\", \"port\": \"h2\", \"port_description\": \"host2 container\", \"vlan\": \"100\", \"n\": \"0\"}]}"}
Sep 15 10:32:29 faucet INFO     odl "{\"input\": {\"data\": {\"ip\": \"192.168.0.101\", \"kind\": \"l2_port\", \"data\": \"{\\\"l2 port\\\": [{\\\"dp_id\\\": \\\"0x1\\\", \\\"dp_name\\\": \\\"sw1\\\", \\\"vid\\\": \\\"100\\\", \\\"eth_src\\\": \\\"4e:99:69:aa:ba:f5\\\"}, {\\\"dp_id\\\": \\\"0x1\\\", \\\"dp_name\\\": \\\"sw1\\\", \\\"vid\\\": \\\"100\\\", \\\"eth_src\\\": \\\"de:ce:39:d8:16:e5\\\"}]}\"}}}"
Sep 15 10:32:29 faucet INFO     Send notify success
Sep 15 10:32:29 faucet INFO     onos {"ip": "192.168.0.101", "kind": "l2_port", "data": "{\"l2 port\": [{\"dp_id\": \"0x1\", \"dp_name\": \"sw1\", \"vid\": \"100\", \"eth_src\": \"4e:99:69:aa:ba:f5\"}, {\"dp_id\": \"0x1\", \"dp_name\": \"sw1\", \"vid\": \"100\", \"eth_src\": \"de:ce:39:d8:16:e5\"}]}"}
Sep 15 10:32:29 faucet INFO     ********************** switch disconnected *******************
Sep 15 10:33:13 faucet ERROR    unexpected unknown thread termination - check Ryu/process stderr log
Sep 15 10:33:13 faucet.exception ERROR    Unhandled exception, killing RYU
Traceback (most recent call last):
  File "/home/namhust98/sina/faucet/faucet/valve_util.py", line 34, in __koe
    func(*args, **kwargs)
  File "/home/namhust98/sina/faucet/faucet/faucet.py", line 149, in _check_thread_exception
    super(Faucet, self)._check_thread_exception()
  File "/home/namhust98/sina/faucet/faucet/valve_ryuapp.py", line 91, in _check_thread_exception
    raise ValveDeadThreadException
faucet.valve_ryuapp.ValveDeadThreadException
Sep 15 10:33:14 faucet INFO     version 0.0.1.dev20
Sep 15 10:33:14 faucet INFO     Reloading configuration
Sep 15 10:33:14 faucet INFO     configuration /home/namhust98/sina/faucet/venv/etc/faucet/faucet.yaml changed, analyzing differences
Sep 15 10:33:14 faucet.config INFO     including file: /home/namhust98/sina/faucet/venv/etc/faucet/acls.yaml
Sep 15 10:33:14 faucet INFO     Add new datapath DPID 1 (0x1)
Sep 15 10:33:14 faucet.valve INFO     DPID 1 (0x1) sw1 IPv4 routing is active on VLAN office vid:100 tagged: Port 5 untagged: Port 1,Port 2,Port 4 with VIPs ['10.0.100.254/24']
Sep 15 10:33:14 faucet.valve INFO     DPID 1 (0x1) sw1 IPv4 routing is active on VLAN guest vid:200 untagged: Port 3 with VIPs ['10.0.200.254/24']
Sep 15 10:33:14 faucet.valve INFO     DPID 1 (0x1) sw1 IPv6 routing is active on VLAN office vid:100 tagged: Port 5 untagged: Port 1,Port 2,Port 4 with VIPs ['2001:100::1/64', 'fe80::c00:ff:fe00:1001/64']
Sep 15 10:33:14 faucet.valve INFO     DPID 1 (0x1) sw1 IPv6 routing is active on VLAN guest vid:200 untagged: Port 3 with VIPs ['2001:200::1/64', 'fe80::c00:ff:fe00:2001/64']
Sep 15 10:33:14 faucet.valve INFO     DPID 1 (0x1) sw1 table ID 0 table config match_types: (('eth_type', False), ('icmpv6_type', False), ('in_port', False), ('ip_proto', False), ('tcp_dst', False), ('udp_dst', False), ('udp_src', False)) name: port_acl next_tables: ['vlan', 'vip', 'eth_dst', 'flood'] output: True set_fields: ('eth_dst',) size: 32
Sep 15 10:33:14 faucet.valve INFO     DPID 1 (0x1) sw1 table ID 1 table config match_types: (('eth_dst', True), ('eth_type', False), ('in_port', False), ('vlan_vid', False)) name: vlan next_tables: ['vlan_acl', 'eth_src'] output: True set_fields: ('vlan_vid',) size: 32 table_id: 1 vlan_port_scale: 1.5
Sep 15 10:33:14 faucet.valve INFO     DPID 1 (0x1) sw1 table ID 2 table config match_types: (('eth_type', False), ('ipv4_dst', True), ('ipv4_src', True), ('vlan_vid', False)) name: vlan_acl next_tables: ['eth_src', 'eth_dst', 'flood'] output: True size: 32 table_id: 2
Sep 15 10:33:14 faucet.valve INFO     DPID 1 (0x1) sw1 table ID 3 table config match_types: (('eth_dst', True), ('eth_src', False), ('eth_type', False), ('in_port', False), ('vlan_vid', False)) miss_goto: eth_dst name: eth_src next_tables: ['ipv4_fib', 'ipv6_fib', 'vip', 'eth_dst', 'flood'] output: True set_fields: ('vlan_vid', 'eth_dst') size: 64 table_id: 3 vlan_port_scale: 4.1
Sep 15 10:33:14 faucet.valve INFO     DPID 1 (0x1) sw1 table ID 4 table config dec_ttl: True match_types: (('eth_type', False), ('ipv4_dst', True), ('vlan_vid', False)) name: ipv4_fib next_tables: ['vip', 'eth_dst', 'flood'] output: True set_fields: ('eth_dst', 'eth_src', 'vlan_vid') size: 32 table_id: 4 vlan_port_scale: 3.1
Sep 15 10:33:14 faucet.valve INFO     DPID 1 (0x1) sw1 table ID 5 table config dec_ttl: True match_types: (('eth_type', False), ('ipv6_dst', True), ('vlan_vid', False)) name: ipv6_fib next_tables: ['vip', 'eth_dst', 'flood'] output: True set_fields: ('eth_dst', 'eth_src', 'vlan_vid') size: 32 table_id: 5 vlan_port_scale: 3.1
Sep 15 10:33:14 faucet.valve INFO     DPID 1 (0x1) sw1 table ID 6 table config match_types: (('arp_tpa', False), ('eth_dst', False), ('eth_type', False), ('icmpv6_type', False), ('ip_proto', False)) name: vip next_tables: ['eth_dst', 'flood'] output: True size: 32 table_id: 6 vlan_scale: 8
Sep 15 10:33:14 faucet.valve INFO     DPID 1 (0x1) sw1 table ID 7 table config exact_match: True match_types: (('eth_dst', False), ('vlan_vid', False)) miss_goto: flood name: eth_dst output: True size: 64 table_id: 7 vlan_port_scale: 4.1
Sep 15 10:33:14 faucet.valve INFO     DPID 1 (0x1) sw1 table ID 8 table config match_types: (('eth_dst', True), ('in_port', False), ('vlan_vid', False)) name: flood output: True size: 96 table_id: 8 vlan_port_scale: 7.0
Sep 15 10:33:14 faucet INFO     Add new datapath DPID 2 (0x2)
Sep 15 10:33:14 faucet.valve INFO     DPID 2 (0x2) sw2 IPv4 routing is active on VLAN office vid:100 tagged: Port 24 untagged: Port 1 with VIPs ['10.0.100.254/24']
Sep 15 10:33:14 faucet.valve INFO     DPID 2 (0x2) sw2 IPv4 routing is active on VLAN guest vid:200 tagged: Port 24 untagged: Port 2,Port 4 with VIPs ['10.0.200.254/24']
Sep 15 10:33:14 faucet.valve INFO     DPID 2 (0x2) sw2 IPv6 routing is active on VLAN office vid:100 tagged: Port 24 untagged: Port 1 with VIPs ['2001:100::1/64', 'fe80::c00:ff:fe00:1001/64']
Sep 15 10:33:14 faucet.valve INFO     DPID 2 (0x2) sw2 IPv6 routing is active on VLAN guest vid:200 tagged: Port 24 untagged: Port 2,Port 4 with VIPs ['2001:200::1/64', 'fe80::c00:ff:fe00:2001/64']
Sep 15 10:33:14 faucet.valve INFO     DPID 2 (0x2) sw2 table ID 0 table config match_types: (('eth_type', False), ('icmpv6_type', False), ('in_port', False), ('ip_proto', False), ('tcp_dst', False), ('udp_dst', False), ('udp_src', False)) name: port_acl next_tables: ['vlan', 'vip', 'eth_dst', 'flood'] output: True set_fields: ('eth_dst',) size: 32
Sep 15 10:33:14 faucet.valve INFO     DPID 2 (0x2) sw2 table ID 1 table config match_types: (('eth_dst', True), ('eth_type', False), ('in_port', False), ('vlan_vid', False)) name: vlan next_tables: ['vlan_acl', 'eth_src'] output: True set_fields: ('vlan_vid',) size: 32 table_id: 1 vlan_port_scale: 1.5
Sep 15 10:33:14 faucet.valve INFO     DPID 2 (0x2) sw2 table ID 2 table config match_types: (('eth_type', False), ('ipv4_dst', True), ('ipv4_src', True), ('vlan_vid', False)) name: vlan_acl next_tables: ['eth_src', 'eth_dst', 'flood'] output: True size: 32 table_id: 2
Sep 15 10:33:14 faucet.valve INFO     DPID 2 (0x2) sw2 table ID 3 table config match_types: (('eth_dst', True), ('eth_src', False), ('eth_type', False), ('in_port', False), ('vlan_vid', False)) miss_goto: eth_dst name: eth_src next_tables: ['ipv4_fib', 'ipv6_fib', 'vip', 'eth_dst', 'flood'] output: True set_fields: ('vlan_vid', 'eth_dst') size: 64 table_id: 3 vlan_port_scale: 4.1
Sep 15 10:33:14 faucet.valve INFO     DPID 2 (0x2) sw2 table ID 4 table config dec_ttl: True match_types: (('eth_type', False), ('ipv4_dst', True), ('vlan_vid', False)) name: ipv4_fib next_tables: ['vip', 'eth_dst', 'flood'] output: True set_fields: ('eth_dst', 'eth_src', 'vlan_vid') size: 32 table_id: 4 vlan_port_scale: 3.1
Sep 15 10:33:14 faucet.valve INFO     DPID 2 (0x2) sw2 table ID 5 table config dec_ttl: True match_types: (('eth_type', False), ('ipv6_dst', True), ('vlan_vid', False)) name: ipv6_fib next_tables: ['vip', 'eth_dst', 'flood'] output: True set_fields: ('eth_dst', 'eth_src', 'vlan_vid') size: 32 table_id: 5 vlan_port_scale: 3.1
Sep 15 10:33:14 faucet.valve INFO     DPID 2 (0x2) sw2 table ID 6 table config match_types: (('arp_tpa', False), ('eth_dst', False), ('eth_type', False), ('icmpv6_type', False), ('ip_proto', False)) name: vip next_tables: ['eth_dst', 'flood'] output: True size: 32 table_id: 6 vlan_scale: 8
Sep 15 10:33:14 faucet.valve INFO     DPID 2 (0x2) sw2 table ID 7 table config exact_match: True match_types: (('eth_dst', False), ('vlan_vid', False)) miss_goto: flood name: eth_dst output: True size: 64 table_id: 7 vlan_port_scale: 4.1
Sep 15 10:33:14 faucet.valve INFO     DPID 2 (0x2) sw2 table ID 8 table config match_types: (('eth_dst', True), ('in_port', False), ('vlan_vid', False)) name: flood output: True size: 64 table_id: 8 vlan_port_scale: 7.0
Sep 15 10:33:23 faucet.valve INFO     DPID 1 (0x1) sw1 Cold start configuring DP
Sep 15 10:33:23 faucet.valve INFO     DPID 1 (0x1) sw1 Port 1 (host1 container) configured
Sep 15 10:33:23 faucet.valve INFO     DPID 1 (0x1) sw1 Port 2 (host2 container) configured
Sep 15 10:33:23 faucet.valve INFO     DPID 1 (0x1) sw1 Configuring VLAN office vid:100 tagged: Port 5 untagged: Port 1,Port 2,Port 4
Sep 15 10:33:23 faucet.valve INFO     DPID 1 (0x1) sw1 Configuring VLAN guest vid:200 untagged: Port 3
Sep 15 10:33:23 faucet INFO     odl {"input": {"data": {"ip": "192.168.0.101", "kind": "port_mac", "data": ""}}}
Sep 15 10:33:23 faucet INFO     Send notify success
Sep 15 10:33:23 faucet INFO     onos {"ip": "192.168.0.101", "kind": "port_mac", "data": ""}
Sep 15 10:33:23 faucet INFO     odl {"input": {"data": {"ip": "192.168.0.101", "kind": "l2_port", "data": ""}}}
Sep 15 10:33:24 faucet INFO     Send notify success
Sep 15 10:33:24 faucet INFO     onos {"ip": "192.168.0.101", "kind": "l2_port", "data": ""}
Sep 15 10:33:24 faucet INFO     ********************** switch connected **********************
Sep 15 10:33:24 faucet INFO     [(1, <ryu.controller.controller.Datapath object at 0x7fd23d490748>)]
Sep 15 10:33:24 faucet.valve INFO     DPID 1 (0x1) sw1 L2 learned on Port 1 fe:1d:6d:a1:3f:f0 (L2 type 0x86dd, L2 dst 33:33:ff:a1:3f:f0, L3 src ::, L3 dst ff02::1:ffa1:3ff0) Port 1 VLAN 100 (1 hosts total)
Sep 15 10:33:24 faucet.valve INFO     DPID 1 (0x1) sw1 L2 learned on Port 2 9e:da:11:ce:1c:0e (L2 type 0x86dd, L2 dst 33:33:00:00:00:16, L3 src None, L3 dst None) Port 2 VLAN 100 (2 hosts total)
Sep 15 10:33:25 faucet.valve INFO     DPID 1 (0x1) sw1 Responded to RS solicit from fe80::fc1d:6dff:fea1:3ff0 (fe:1d:6d:a1:3f:f0 (L2 type 0x86dd, L2 dst 33:33:00:00:00:02, L3 src fe80::fc1d:6dff:fea1:3ff0, L3 dst ff02::2) Port 1 VLAN 100)
Sep 15 10:33:25 faucet.valve INFO     DPID 1 (0x1) sw1 status did not change: Port 2 up status True reason MODIFY state 4
Sep 15 10:33:25 faucet INFO     odl {"input": {"data": {"ip": "192.168.0.101", "kind": "port_mac", "data": "{\"port mac\": [{\"dp_id\": \"0x1\", \"dp_name\": \"sw1\", \"port\": \"h1\", \"port_description\": \"host1 container\", \"vlan\": \"100\", \"n\": \"0\"}, {\"dp_id\": \"0x1\", \"dp_name\": \"sw1\", \"port\": \"h2\", \"port_description\": \"host2 container\", \"vlan\": \"100\", \"n\": \"0\"}]}"}}}
Sep 15 10:33:25 faucet INFO     Send notify success
Sep 15 10:33:25 faucet INFO     onos {"ip": "192.168.0.101", "kind": "port_mac", "data": "{\"port mac\": [{\"dp_id\": \"0x1\", \"dp_name\": \"sw1\", \"port\": \"h1\", \"port_description\": \"host1 container\", \"vlan\": \"100\", \"n\": \"0\"}, {\"dp_id\": \"0x1\", \"dp_name\": \"sw1\", \"port\": \"h2\", \"port_description\": \"host2 container\", \"vlan\": \"100\", \"n\": \"0\"}]}"}
Sep 15 10:33:25 faucet INFO     odl {"input": {"data": {"ip": "192.168.0.101", "kind": "l2_port", "data": "{\"l2 port\": [{\"dp_id\": \"0x1\", \"dp_name\": \"sw1\", \"vid\": \"100\", \"eth_src\": \"fe:1d:6d:a1:3f:f0\"}, {\"dp_id\": \"0x1\", \"dp_name\": \"sw1\", \"vid\": \"100\", \"eth_src\": \"9e:da:11:ce:1c:0e\"}]}"}}}
Sep 15 10:33:25 faucet INFO     Send notify success
Sep 15 10:33:25 faucet INFO     onos {"ip": "192.168.0.101", "kind": "l2_port", "data": "{\"l2 port\": [{\"dp_id\": \"0x1\", \"dp_name\": \"sw1\", \"vid\": \"100\", \"eth_src\": \"fe:1d:6d:a1:3f:f0\"}, {\"dp_id\": \"0x1\", \"dp_name\": \"sw1\", \"vid\": \"100\", \"eth_src\": \"9e:da:11:ce:1c:0e\"}]}"}
Sep 15 10:33:25 faucet INFO     ************************** port change ***********************
Sep 15 10:33:25 faucet.valve INFO     DPID 1 (0x1) sw1 L2 learned on Port 2 9e:da:11:ce:1c:0e (L2 type 0x86dd, L2 dst 33:33:00:00:00:02, L3 src fe80::9cda:11ff:fece:1c0e, L3 dst ff02::2) Port 2 VLAN 100 (2 hosts total)
Sep 15 10:33:25 faucet.valve INFO     DPID 1 (0x1) sw1 Responded to RS solicit from fe80::9cda:11ff:fece:1c0e (9e:da:11:ce:1c:0e (L2 type 0x86dd, L2 dst 33:33:00:00:00:02, L3 src fe80::9cda:11ff:fece:1c0e, L3 dst ff02::2) Port 2 VLAN 100)
Sep 15 10:33:25 faucet.valve INFO     DPID 1 (0x1) sw1 status did not change: Port 1 up status True reason MODIFY state 4
Sep 15 10:33:25 faucet INFO     odl {"input": {"data": {"ip": "192.168.0.101", "kind": "port_mac", "data": "{\"port mac\": [{\"dp_id\": \"0x1\", \"dp_name\": \"sw1\", \"port\": \"h1\", \"port_description\": \"host1 container\", \"vlan\": \"100\", \"n\": \"0\"}, {\"dp_id\": \"0x1\", \"dp_name\": \"sw1\", \"port\": \"h2\", \"port_description\": \"host2 container\", \"vlan\": \"100\", \"n\": \"0\"}]}"}}}
Sep 15 10:33:25 faucet INFO     Send notify success
Sep 15 10:33:25 faucet INFO     onos {"ip": "192.168.0.101", "kind": "port_mac", "data": "{\"port mac\": [{\"dp_id\": \"0x1\", \"dp_name\": \"sw1\", \"port\": \"h1\", \"port_description\": \"host1 container\", \"vlan\": \"100\", \"n\": \"0\"}, {\"dp_id\": \"0x1\", \"dp_name\": \"sw1\", \"port\": \"h2\", \"port_description\": \"host2 container\", \"vlan\": \"100\", \"n\": \"0\"}]}"}
Sep 15 10:33:25 faucet INFO     odl {"input": {"data": {"ip": "192.168.0.101", "kind": "l2_port", "data": "{\"l2 port\": [{\"dp_id\": \"0x1\", \"dp_name\": \"sw1\", \"vid\": \"100\", \"eth_src\": \"fe:1d:6d:a1:3f:f0\"}, {\"dp_id\": \"0x1\", \"dp_name\": \"sw1\", \"vid\": \"100\", \"eth_src\": \"9e:da:11:ce:1c:0e\"}]}"}}}
Sep 15 10:33:25 faucet INFO     Send notify success
Sep 15 10:33:25 faucet INFO     onos {"ip": "192.168.0.101", "kind": "l2_port", "data": "{\"l2 port\": [{\"dp_id\": \"0x1\", \"dp_name\": \"sw1\", \"vid\": \"100\", \"eth_src\": \"fe:1d:6d:a1:3f:f0\"}, {\"dp_id\": \"0x1\", \"dp_name\": \"sw1\", \"vid\": \"100\", \"eth_src\": \"9e:da:11:ce:1c:0e\"}]}"}
Sep 15 10:33:25 faucet INFO     ************************** port change ***********************
Sep 15 10:33:28 faucet.valve INFO     DPID 1 (0x1) sw1 resolving 10.0.100.2 (1 flows) on VLAN 100
Sep 15 10:33:34 faucet.valve INFO     DPID 1 (0x1) sw1 resolving 10.0.100.2 retry 2 (last attempt was 6s ago; 1 flows) on VLAN 100
Sep 15 10:33:40 faucet.valve INFO     DPID 1 (0x1) sw1 resolving 10.0.100.2 retry 3 (last attempt was 5s ago; 1 flows) on VLAN 100
Sep 15 10:33:52 faucet.valve INFO     DPID 1 (0x1) sw1 resolving 10.0.100.2 retry 4 (last attempt was 12s ago; 1 flows) on VLAN 100
Sep 15 10:34:10 faucet.valve INFO     DPID 1 (0x1) sw1 resolving 10.0.100.2 retry 5 (last attempt was 17s ago; 1 flows) on VLAN 100
Sep 15 10:34:48 faucet.valve INFO     DPID 1 (0x1) sw1 resolving 10.0.100.2 retry 6 (last attempt was 38s ago; 1 flows) on VLAN 100
Sep 15 10:35:14 faucet.valve INFO     DPID 1 (0x1) sw1 status did not change: Port 1 up status True reason MODIFY state 0
Sep 15 10:35:14 faucet.valve INFO     DPID 1 (0x1) sw1 Port 1 state OFPPS_LIVE reset, ignoring in expectation of port down
Sep 15 10:35:14 faucet.valve INFO     DPID 1 (0x1) sw1 status change: Port 1 up status True reason DELETE state 0
Sep 15 10:35:14 faucet.valve INFO     DPID 1 (0x1) sw1 Port 1 (host1 container) down
Sep 15 10:35:14 faucet INFO     odl {"input": {"data": {"ip": "192.168.0.101", "kind": "port_mac", "data": "{\"port mac\": [{\"dp_id\": \"0x1\", \"dp_name\": \"sw1\", \"port\": \"h1\", \"port_description\": \"host1 container\", \"vlan\": \"100\", \"n\": \"0\"}, {\"dp_id\": \"0x1\", \"dp_name\": \"sw1\", \"port\": \"h2\", \"port_description\": \"host2 container\", \"vlan\": \"100\", \"n\": \"0\"}]}"}}}
Sep 15 10:35:14 faucet INFO     Send notify success
Sep 15 10:35:14 faucet INFO     onos {"ip": "192.168.0.101", "kind": "port_mac", "data": "{\"port mac\": [{\"dp_id\": \"0x1\", \"dp_name\": \"sw1\", \"port\": \"h1\", \"port_description\": \"host1 container\", \"vlan\": \"100\", \"n\": \"0\"}, {\"dp_id\": \"0x1\", \"dp_name\": \"sw1\", \"port\": \"h2\", \"port_description\": \"host2 container\", \"vlan\": \"100\", \"n\": \"0\"}]}"}
Sep 15 10:35:14 faucet INFO     odl {"input": {"data": {"ip": "192.168.0.101", "kind": "l2_port", "data": "{\"l2 port\": [{\"dp_id\": \"0x1\", \"dp_name\": \"sw1\", \"vid\": \"100\", \"eth_src\": \"fe:1d:6d:a1:3f:f0\"}, {\"dp_id\": \"0x1\", \"dp_name\": \"sw1\", \"vid\": \"100\", \"eth_src\": \"9e:da:11:ce:1c:0e\"}]}"}}}
Sep 15 10:35:14 faucet INFO     Send notify success
Sep 15 10:35:14 faucet INFO     onos {"ip": "192.168.0.101", "kind": "l2_port", "data": "{\"l2 port\": [{\"dp_id\": \"0x1\", \"dp_name\": \"sw1\", \"vid\": \"100\", \"eth_src\": \"fe:1d:6d:a1:3f:f0\"}, {\"dp_id\": \"0x1\", \"dp_name\": \"sw1\", \"vid\": \"100\", \"eth_src\": \"9e:da:11:ce:1c:0e\"}]}"}
Sep 15 10:35:14 faucet INFO     ************************** port change ***********************
Sep 15 10:35:14 faucet INFO     odl {"input": {"data": {"ip": "192.168.0.101", "kind": "port_mac", "data": "{\"port mac\": [{\"dp_id\": \"0x1\", \"dp_name\": \"sw1\", \"port\": \"h1\", \"port_description\": \"host1 container\", \"vlan\": \"100\", \"n\": \"0\"}, {\"dp_id\": \"0x1\", \"dp_name\": \"sw1\", \"port\": \"h2\", \"port_description\": \"host2 container\", \"vlan\": \"100\", \"n\": \"0\"}]}"}}}
Sep 15 10:35:14 faucet INFO     Send notify success
Sep 15 10:35:14 faucet INFO     onos {"ip": "192.168.0.101", "kind": "port_mac", "data": "{\"port mac\": [{\"dp_id\": \"0x1\", \"dp_name\": \"sw1\", \"port\": \"h1\", \"port_description\": \"host1 container\", \"vlan\": \"100\", \"n\": \"0\"}, {\"dp_id\": \"0x1\", \"dp_name\": \"sw1\", \"port\": \"h2\", \"port_description\": \"host2 container\", \"vlan\": \"100\", \"n\": \"0\"}]}"}
Sep 15 10:35:14 faucet INFO     odl {"input": {"data": {"ip": "192.168.0.101", "kind": "l2_port", "data": "{\"l2 port\": [{\"dp_id\": \"0x1\", \"dp_name\": \"sw1\", \"vid\": \"100\", \"eth_src\": \"fe:1d:6d:a1:3f:f0\"}, {\"dp_id\": \"0x1\", \"dp_name\": \"sw1\", \"vid\": \"100\", \"eth_src\": \"9e:da:11:ce:1c:0e\"}]}"}}}
Sep 15 10:35:14 faucet INFO     Send notify success
Sep 15 10:35:14 faucet INFO     onos {"ip": "192.168.0.101", "kind": "l2_port", "data": "{\"l2 port\": [{\"dp_id\": \"0x1\", \"dp_name\": \"sw1\", \"vid\": \"100\", \"eth_src\": \"fe:1d:6d:a1:3f:f0\"}, {\"dp_id\": \"0x1\", \"dp_name\": \"sw1\", \"vid\": \"100\", \"eth_src\": \"9e:da:11:ce:1c:0e\"}]}"}
Sep 15 10:35:14 faucet INFO     ************************** port change ***********************
Sep 15 10:35:14 faucet.valve INFO     DPID 1 (0x1) sw1 status change: Port 2 up status True reason DELETE state 4
Sep 15 10:35:14 faucet.valve INFO     DPID 1 (0x1) sw1 Port 2 (host2 container) down
Sep 15 10:35:14 faucet INFO     odl {"input": {"data": {"ip": "192.168.0.101", "kind": "port_mac", "data": "{\"port mac\": [{\"dp_id\": \"0x1\", \"dp_name\": \"sw1\", \"port\": \"h1\", \"port_description\": \"host1 container\", \"vlan\": \"100\", \"n\": \"0\"}, {\"dp_id\": \"0x1\", \"dp_name\": \"sw1\", \"port\": \"h2\", \"port_description\": \"host2 container\", \"vlan\": \"100\", \"n\": \"0\"}]}"}}}
Sep 15 10:35:14 faucet INFO     Send notify success
Sep 15 10:35:14 faucet INFO     onos {"ip": "192.168.0.101", "kind": "port_mac", "data": "{\"port mac\": [{\"dp_id\": \"0x1\", \"dp_name\": \"sw1\", \"port\": \"h1\", \"port_description\": \"host1 container\", \"vlan\": \"100\", \"n\": \"0\"}, {\"dp_id\": \"0x1\", \"dp_name\": \"sw1\", \"port\": \"h2\", \"port_description\": \"host2 container\", \"vlan\": \"100\", \"n\": \"0\"}]}"}
Sep 15 10:35:14 faucet INFO     odl {"input": {"data": {"ip": "192.168.0.101", "kind": "l2_port", "data": "{\"l2 port\": [{\"dp_id\": \"0x1\", \"dp_name\": \"sw1\", \"vid\": \"100\", \"eth_src\": \"fe:1d:6d:a1:3f:f0\"}, {\"dp_id\": \"0x1\", \"dp_name\": \"sw1\", \"vid\": \"100\", \"eth_src\": \"9e:da:11:ce:1c:0e\"}]}"}}}
Sep 15 10:35:14 faucet INFO     Send notify success
Sep 15 10:35:14 faucet INFO     onos {"ip": "192.168.0.101", "kind": "l2_port", "data": "{\"l2 port\": [{\"dp_id\": \"0x1\", \"dp_name\": \"sw1\", \"vid\": \"100\", \"eth_src\": \"fe:1d:6d:a1:3f:f0\"}, {\"dp_id\": \"0x1\", \"dp_name\": \"sw1\", \"vid\": \"100\", \"eth_src\": \"9e:da:11:ce:1c:0e\"}]}"}
Sep 15 10:35:14 faucet INFO     ************************** port change ***********************
Sep 15 10:35:14 faucet.valve WARNING  DPID 1 (0x1) sw1 datapath down
Sep 15 10:35:14 faucet.valve INFO     DPID 1 (0x1) sw1 Port 1 (host1 container) down
Sep 15 10:35:14 faucet.valve INFO     DPID 1 (0x1) sw1 Port 2 (host2 container) down
Sep 15 10:35:14 faucet.valve INFO     DPID 1 (0x1) sw1 Port 3 (guest1 container) down
Sep 15 10:35:14 faucet.valve INFO     DPID 1 (0x1) sw1 Port 4 (services container) down
Sep 15 10:35:14 faucet.valve INFO     DPID 1 (0x1) sw1 Port 5 (VLAN trunk to sw2) down
Sep 15 10:35:14 faucet INFO     odl {"input": {"data": {"ip": "192.168.0.101", "kind": "port_mac", "data": "{\"port mac\": [{\"dp_id\": \"0x1\", \"dp_name\": \"sw1\", \"port\": \"h1\", \"port_description\": \"host1 container\", \"vlan\": \"100\", \"n\": \"0\"}, {\"dp_id\": \"0x1\", \"dp_name\": \"sw1\", \"port\": \"h2\", \"port_description\": \"host2 container\", \"vlan\": \"100\", \"n\": \"0\"}]}"}}}
Sep 15 10:35:14 faucet INFO     Send notify success
Sep 15 10:35:14 faucet INFO     onos {"ip": "192.168.0.101", "kind": "port_mac", "data": "{\"port mac\": [{\"dp_id\": \"0x1\", \"dp_name\": \"sw1\", \"port\": \"h1\", \"port_description\": \"host1 container\", \"vlan\": \"100\", \"n\": \"0\"}, {\"dp_id\": \"0x1\", \"dp_name\": \"sw1\", \"port\": \"h2\", \"port_description\": \"host2 container\", \"vlan\": \"100\", \"n\": \"0\"}]}"}
Sep 15 10:35:14 faucet INFO     odl {"input": {"data": {"ip": "192.168.0.101", "kind": "l2_port", "data": "{\"l2 port\": [{\"dp_id\": \"0x1\", \"dp_name\": \"sw1\", \"vid\": \"100\", \"eth_src\": \"fe:1d:6d:a1:3f:f0\"}, {\"dp_id\": \"0x1\", \"dp_name\": \"sw1\", \"vid\": \"100\", \"eth_src\": \"9e:da:11:ce:1c:0e\"}]}"}}}
Sep 15 10:35:14 faucet INFO     Send notify success
Sep 15 10:35:14 faucet INFO     onos {"ip": "192.168.0.101", "kind": "l2_port", "data": "{\"l2 port\": [{\"dp_id\": \"0x1\", \"dp_name\": \"sw1\", \"vid\": \"100\", \"eth_src\": \"fe:1d:6d:a1:3f:f0\"}, {\"dp_id\": \"0x1\", \"dp_name\": \"sw1\", \"vid\": \"100\", \"eth_src\": \"9e:da:11:ce:1c:0e\"}]}"}
Sep 15 10:35:14 faucet INFO     ********************** switch disconnected *******************
Sep 15 10:36:57 faucet.valve INFO     DPID 1 (0x1) sw1 Cold start configuring DP
Sep 15 10:36:57 faucet.valve INFO     DPID 1 (0x1) sw1 Port 1 (host1 container) configured
Sep 15 10:36:57 faucet.valve INFO     DPID 1 (0x1) sw1 Port 2 (host2 container) configured
Sep 15 10:36:57 faucet.valve INFO     DPID 1 (0x1) sw1 Configuring VLAN office vid:100 tagged: Port 5 untagged: Port 1,Port 2,Port 4
Sep 15 10:36:57 faucet.valve INFO     DPID 1 (0x1) sw1 Configuring VLAN guest vid:200 untagged: Port 3
Sep 15 10:36:57 faucet INFO     odl {"input": {"data": {"ip": "192.168.0.101", "kind": "port_mac", "data": "{\"port mac\": [{\"dp_id\": \"0x1\", \"dp_name\": \"sw1\", \"port\": \"h1\", \"port_description\": \"host1 container\", \"vlan\": \"100\", \"n\": \"0\"}, {\"dp_id\": \"0x1\", \"dp_name\": \"sw1\", \"port\": \"h2\", \"port_description\": \"host2 container\", \"vlan\": \"100\", \"n\": \"0\"}, {\"dp_id\": \"0x1\", \"dp_name\": \"sw1\", \"port\": \"h1\", \"port_description\": \"host1 container\", \"vlan\": \"100\", \"n\": \"1\"}, {\"dp_id\": \"0x1\", \"dp_name\": \"sw1\", \"port\": \"h2\", \"port_description\": \"host2 container\", \"vlan\": \"100\", \"n\": \"1\"}]}"}}}
Sep 15 10:36:57 faucet INFO     Send notify success
Sep 15 10:36:57 faucet INFO     onos {"ip": "192.168.0.101", "kind": "port_mac", "data": "{\"port mac\": [{\"dp_id\": \"0x1\", \"dp_name\": \"sw1\", \"port\": \"h1\", \"port_description\": \"host1 container\", \"vlan\": \"100\", \"n\": \"0\"}, {\"dp_id\": \"0x1\", \"dp_name\": \"sw1\", \"port\": \"h2\", \"port_description\": \"host2 container\", \"vlan\": \"100\", \"n\": \"0\"}, {\"dp_id\": \"0x1\", \"dp_name\": \"sw1\", \"port\": \"h1\", \"port_description\": \"host1 container\", \"vlan\": \"100\", \"n\": \"1\"}, {\"dp_id\": \"0x1\", \"dp_name\": \"sw1\", \"port\": \"h2\", \"port_description\": \"host2 container\", \"vlan\": \"100\", \"n\": \"1\"}]}"}
Sep 15 10:36:57 faucet INFO     odl {"input": {"data": {"ip": "192.168.0.101", "kind": "l2_port", "data": "{\"l2 port\": [{\"dp_id\": \"0x1\", \"dp_name\": \"sw1\", \"vid\": \"100\", \"eth_src\": \"fe:1d:6d:a1:3f:f0\"}, {\"dp_id\": \"0x1\", \"dp_name\": \"sw1\", \"vid\": \"100\", \"eth_src\": \"9e:da:11:ce:1c:0e\"}]}"}}}
Sep 15 10:36:57 faucet INFO     Send notify success
Sep 15 10:36:57 faucet INFO     onos {"ip": "192.168.0.101", "kind": "l2_port", "data": "{\"l2 port\": [{\"dp_id\": \"0x1\", \"dp_name\": \"sw1\", \"vid\": \"100\", \"eth_src\": \"fe:1d:6d:a1:3f:f0\"}, {\"dp_id\": \"0x1\", \"dp_name\": \"sw1\", \"vid\": \"100\", \"eth_src\": \"9e:da:11:ce:1c:0e\"}]}"}
Sep 15 10:36:57 faucet INFO     ********************** switch connected **********************
Sep 15 10:36:57 faucet INFO     [(1, <ryu.controller.controller.Datapath object at 0x7fd23d4f7908>)]
Sep 15 10:36:57 faucet.valve INFO     DPID 1 (0x1) sw1 L2 learned on Port 1 06:d7:cf:db:68:4d (L2 type 0x86dd, L2 dst 33:33:ff:db:68:4d, L3 src ::, L3 dst ff02::1:ffdb:684d) Port 1 VLAN 100 (1 hosts total)
Sep 15 10:36:58 faucet.valve INFO     DPID 1 (0x1) sw1 L2 learned on Port 2 9a:c5:94:4c:27:b4 (L2 type 0x86dd, L2 dst 33:33:ff:4c:27:b4, L3 src ::, L3 dst ff02::1:ff4c:27b4) Port 2 VLAN 100 (2 hosts total)
Sep 15 10:36:58 faucet.valve INFO     DPID 1 (0x1) sw1 Responded to RS solicit from fe80::4d7:cfff:fedb:684d (06:d7:cf:db:68:4d (L2 type 0x86dd, L2 dst 33:33:00:00:00:02, L3 src fe80::4d7:cfff:fedb:684d, L3 dst ff02::2) Port 1 VLAN 100)
Sep 15 10:36:59 faucet.valve INFO     DPID 1 (0x1) sw1 Responded to RS solicit from fe80::98c5:94ff:fe4c:27b4 (9a:c5:94:4c:27:b4 (L2 type 0x86dd, L2 dst 33:33:00:00:00:02, L3 src fe80::98c5:94ff:fe4c:27b4, L3 dst ff02::2) Port 2 VLAN 100)
Sep 15 10:36:59 faucet.valve INFO     DPID 1 (0x1) sw1 status did not change: Port 2 up status True reason MODIFY state 4
Sep 15 10:36:59 faucet.valve INFO     DPID 1 (0x1) sw1 status did not change: Port 1 up status True reason MODIFY state 4
Sep 15 10:36:59 faucet INFO     odl {"input": {"data": {"ip": "192.168.0.101", "kind": "port_mac", "data": "{\"port mac\": [{\"dp_id\": \"0x1\", \"dp_name\": \"sw1\", \"port\": \"h1\", \"port_description\": \"host1 container\", \"vlan\": \"100\", \"n\": \"0\"}, {\"dp_id\": \"0x1\", \"dp_name\": \"sw1\", \"port\": \"h2\", \"port_description\": \"host2 container\", \"vlan\": \"100\", \"n\": \"0\"}, {\"dp_id\": \"0x1\", \"dp_name\": \"sw1\", \"port\": \"h1\", \"port_description\": \"host1 container\", \"vlan\": \"100\", \"n\": \"1\"}, {\"dp_id\": \"0x1\", \"dp_name\": \"sw1\", \"port\": \"h2\", \"port_description\": \"host2 container\", \"vlan\": \"100\", \"n\": \"1\"}]}"}}}
Sep 15 10:36:59 faucet INFO     Send notify success
Sep 15 10:36:59 faucet INFO     onos {"ip": "192.168.0.101", "kind": "port_mac", "data": "{\"port mac\": [{\"dp_id\": \"0x1\", \"dp_name\": \"sw1\", \"port\": \"h1\", \"port_description\": \"host1 container\", \"vlan\": \"100\", \"n\": \"0\"}, {\"dp_id\": \"0x1\", \"dp_name\": \"sw1\", \"port\": \"h2\", \"port_description\": \"host2 container\", \"vlan\": \"100\", \"n\": \"0\"}, {\"dp_id\": \"0x1\", \"dp_name\": \"sw1\", \"port\": \"h1\", \"port_description\": \"host1 container\", \"vlan\": \"100\", \"n\": \"1\"}, {\"dp_id\": \"0x1\", \"dp_name\": \"sw1\", \"port\": \"h2\", \"port_description\": \"host2 container\", \"vlan\": \"100\", \"n\": \"1\"}]}"}
Sep 15 10:36:59 faucet INFO     odl {"input": {"data": {"ip": "192.168.0.101", "kind": "l2_port", "data": "{\"l2 port\": [{\"dp_id\": \"0x1\", \"dp_name\": \"sw1\", \"vid\": \"100\", \"eth_src\": \"fe:1d:6d:a1:3f:f0\"}, {\"dp_id\": \"0x1\", \"dp_name\": \"sw1\", \"vid\": \"100\", \"eth_src\": \"9e:da:11:ce:1c:0e\"}, {\"dp_id\": \"0x1\", \"dp_name\": \"sw1\", \"vid\": \"100\", \"eth_src\": \"06:d7:cf:db:68:4d\"}, {\"dp_id\": \"0x1\", \"dp_name\": \"sw1\", \"vid\": \"100\", \"eth_src\": \"9a:c5:94:4c:27:b4\"}]}"}}}
Sep 15 10:36:59 faucet INFO     Send notify success
Sep 15 10:36:59 faucet INFO     onos {"ip": "192.168.0.101", "kind": "l2_port", "data": "{\"l2 port\": [{\"dp_id\": \"0x1\", \"dp_name\": \"sw1\", \"vid\": \"100\", \"eth_src\": \"fe:1d:6d:a1:3f:f0\"}, {\"dp_id\": \"0x1\", \"dp_name\": \"sw1\", \"vid\": \"100\", \"eth_src\": \"9e:da:11:ce:1c:0e\"}, {\"dp_id\": \"0x1\", \"dp_name\": \"sw1\", \"vid\": \"100\", \"eth_src\": \"06:d7:cf:db:68:4d\"}, {\"dp_id\": \"0x1\", \"dp_name\": \"sw1\", \"vid\": \"100\", \"eth_src\": \"9a:c5:94:4c:27:b4\"}]}"}
Sep 15 10:36:59 faucet INFO     ************************** port change ***********************
Sep 15 10:36:59 faucet INFO     odl {"input": {"data": {"ip": "192.168.0.101", "kind": "port_mac", "data": "{\"port mac\": [{\"dp_id\": \"0x1\", \"dp_name\": \"sw1\", \"port\": \"h1\", \"port_description\": \"host1 container\", \"vlan\": \"100\", \"n\": \"0\"}, {\"dp_id\": \"0x1\", \"dp_name\": \"sw1\", \"port\": \"h2\", \"port_description\": \"host2 container\", \"vlan\": \"100\", \"n\": \"0\"}, {\"dp_id\": \"0x1\", \"dp_name\": \"sw1\", \"port\": \"h1\", \"port_description\": \"host1 container\", \"vlan\": \"100\", \"n\": \"1\"}, {\"dp_id\": \"0x1\", \"dp_name\": \"sw1\", \"port\": \"h2\", \"port_description\": \"host2 container\", \"vlan\": \"100\", \"n\": \"1\"}]}"}}}
Sep 15 10:36:59 faucet INFO     Send notify success
Sep 15 10:36:59 faucet INFO     onos {"ip": "192.168.0.101", "kind": "port_mac", "data": "{\"port mac\": [{\"dp_id\": \"0x1\", \"dp_name\": \"sw1\", \"port\": \"h1\", \"port_description\": \"host1 container\", \"vlan\": \"100\", \"n\": \"0\"}, {\"dp_id\": \"0x1\", \"dp_name\": \"sw1\", \"port\": \"h2\", \"port_description\": \"host2 container\", \"vlan\": \"100\", \"n\": \"0\"}, {\"dp_id\": \"0x1\", \"dp_name\": \"sw1\", \"port\": \"h1\", \"port_description\": \"host1 container\", \"vlan\": \"100\", \"n\": \"1\"}, {\"dp_id\": \"0x1\", \"dp_name\": \"sw1\", \"port\": \"h2\", \"port_description\": \"host2 container\", \"vlan\": \"100\", \"n\": \"1\"}]}"}
Sep 15 10:36:59 faucet INFO     odl {"input": {"data": {"ip": "192.168.0.101", "kind": "l2_port", "data": "{\"l2 port\": [{\"dp_id\": \"0x1\", \"dp_name\": \"sw1\", \"vid\": \"100\", \"eth_src\": \"fe:1d:6d:a1:3f:f0\"}, {\"dp_id\": \"0x1\", \"dp_name\": \"sw1\", \"vid\": \"100\", \"eth_src\": \"9e:da:11:ce:1c:0e\"}, {\"dp_id\": \"0x1\", \"dp_name\": \"sw1\", \"vid\": \"100\", \"eth_src\": \"06:d7:cf:db:68:4d\"}, {\"dp_id\": \"0x1\", \"dp_name\": \"sw1\", \"vid\": \"100\", \"eth_src\": \"9a:c5:94:4c:27:b4\"}]}"}}}
Sep 15 10:36:59 faucet INFO     Send notify success
Sep 15 10:36:59 faucet INFO     onos {"ip": "192.168.0.101", "kind": "l2_port", "data": "{\"l2 port\": [{\"dp_id\": \"0x1\", \"dp_name\": \"sw1\", \"vid\": \"100\", \"eth_src\": \"fe:1d:6d:a1:3f:f0\"}, {\"dp_id\": \"0x1\", \"dp_name\": \"sw1\", \"vid\": \"100\", \"eth_src\": \"9e:da:11:ce:1c:0e\"}, {\"dp_id\": \"0x1\", \"dp_name\": \"sw1\", \"vid\": \"100\", \"eth_src\": \"06:d7:cf:db:68:4d\"}, {\"dp_id\": \"0x1\", \"dp_name\": \"sw1\", \"vid\": \"100\", \"eth_src\": \"9a:c5:94:4c:27:b4\"}]}"}
Sep 15 10:36:59 faucet INFO     ************************** port change ***********************
Sep 15 10:37:01 faucet.valve INFO     DPID 1 (0x1) sw1 resolving 10.0.100.2 (1 flows) on VLAN 100
Sep 15 10:37:04 faucet.valve INFO     DPID 1 (0x1) sw1 resolving 10.0.100.2 retry 2 (last attempt was 3s ago; 1 flows) on VLAN 100
Sep 15 10:37:09 faucet.valve INFO     DPID 1 (0x1) sw1 resolving 10.0.100.2 retry 3 (last attempt was 4s ago; 1 flows) on VLAN 100
Sep 15 10:37:20 faucet.valve INFO     DPID 1 (0x1) sw1 resolving 10.0.100.2 retry 4 (last attempt was 11s ago; 1 flows) on VLAN 100
Sep 15 10:37:41 faucet.valve INFO     DPID 1 (0x1) sw1 resolving 10.0.100.2 retry 5 (last attempt was 21s ago; 1 flows) on VLAN 100
Sep 15 10:38:18 faucet.valve INFO     DPID 1 (0x1) sw1 resolving 10.0.100.2 retry 6 (last attempt was 36s ago; 1 flows) on VLAN 100
Sep 15 10:39:23 faucet.valve INFO     DPID 1 (0x1) sw1 resolving 10.0.100.2 retry 7 (last attempt was 65s ago; 1 flows) on VLAN 100
Sep 15 10:40:30 faucet.valve INFO     DPID 1 (0x1) sw1 resolving 10.0.100.2 retry 8 (last attempt was 66s ago; 1 flows) on VLAN 100
Sep 15 10:41:35 faucet.valve INFO     DPID 1 (0x1) sw1 resolving 10.0.100.2 retry 9 (last attempt was 65s ago; 1 flows) on VLAN 100
Sep 15 10:41:57 faucet.valve INFO     DPID 1 (0x1) sw1 1 recently active hosts on VLAN 100, expired [06:d7:cf:db:68:4d on Port 1]
Sep 15 10:42:03 faucet.valve INFO     DPID 1 (0x1) sw1 0 recently active hosts on VLAN 100, expired [9a:c5:94:4c:27:b4 on Port 2]
Sep 15 10:42:41 faucet.valve INFO     DPID 1 (0x1) sw1 resolving 10.0.100.2 retry 10 (last attempt was 65s ago; 1 flows) on VLAN 100
Sep 15 10:43:48 faucet.valve INFO     DPID 1 (0x1) sw1 resolving 10.0.100.2 retry 11 (last attempt was 66s ago; 1 flows) on VLAN 100
Sep 15 10:44:54 faucet.valve INFO     DPID 1 (0x1) sw1 resolving 10.0.100.2 retry 12 (last attempt was 66s ago; 1 flows) on VLAN 100
Sep 15 10:45:59 faucet.valve INFO     DPID 1 (0x1) sw1 resolving 10.0.100.2 retry 13 (last attempt was 65s ago; 1 flows) on VLAN 100
Sep 15 10:47:07 faucet.valve INFO     DPID 1 (0x1) sw1 resolving 10.0.100.2 retry 14 (last attempt was 67s ago; 1 flows) on VLAN 100
Sep 15 10:48:12 faucet.valve INFO     DPID 1 (0x1) sw1 resolving 10.0.100.2 retry 15 (last attempt was 65s ago; 1 flows) on VLAN 100
Sep 15 10:49:16 faucet.valve INFO     DPID 1 (0x1) sw1 resolving 10.0.100.2 retry 16 (last attempt was 64s ago; 1 flows) on VLAN 100
Sep 15 10:50:21 faucet.valve INFO     DPID 1 (0x1) sw1 resolving 10.0.100.2 retry 17 (last attempt was 64s ago; 1 flows) on VLAN 100
Sep 15 10:51:27 faucet.valve INFO     DPID 1 (0x1) sw1 resolving 10.0.100.2 retry 18 (last attempt was 66s ago; 1 flows) on VLAN 100
Sep 15 10:52:33 faucet.valve INFO     DPID 1 (0x1) sw1 resolving 10.0.100.2 retry 19 (last attempt was 66s ago; 1 flows) on VLAN 100
Sep 15 10:53:38 faucet.valve INFO     DPID 1 (0x1) sw1 resolving 10.0.100.2 retry 20 (last attempt was 64s ago; 1 flows) on VLAN 100
Sep 15 10:54:44 faucet.valve INFO     DPID 1 (0x1) sw1 resolving 10.0.100.2 retry 21 (last attempt was 66s ago; 1 flows) on VLAN 100
Sep 15 10:55:50 faucet.valve INFO     DPID 1 (0x1) sw1 resolving 10.0.100.2 retry 22 (last attempt was 65s ago; 1 flows) on VLAN 100
Sep 15 10:56:07 faucet ERROR    unexpected unknown thread termination - check Ryu/process stderr log
Sep 15 10:56:07 faucet.exception ERROR    Unhandled exception, killing RYU
Traceback (most recent call last):
  File "/home/namhust98/sina/faucet/faucet/valve_util.py", line 34, in __koe
    func(*args, **kwargs)
  File "/home/namhust98/sina/faucet/faucet/faucet.py", line 149, in _check_thread_exception
    super(Faucet, self)._check_thread_exception()
  File "/home/namhust98/sina/faucet/faucet/valve_ryuapp.py", line 91, in _check_thread_exception
    raise ValveDeadThreadException
faucet.valve_ryuapp.ValveDeadThreadException
Sep 15 10:56:08 faucet INFO     version 0.0.1.dev20
Sep 15 10:56:08 faucet INFO     Reloading configuration
Sep 15 10:56:08 faucet INFO     configuration /home/namhust98/sina/faucet/venv/etc/faucet/faucet.yaml changed, analyzing differences
Sep 15 10:56:08 faucet.config INFO     including file: /home/namhust98/sina/faucet/venv/etc/faucet/acls.yaml
Sep 15 10:56:08 faucet INFO     Add new datapath DPID 1 (0x1)
Sep 15 10:56:08 faucet.valve INFO     DPID 1 (0x1) sw1 IPv4 routing is active on VLAN office vid:100 tagged: Port 5 untagged: Port 1,Port 2,Port 4 with VIPs ['10.0.100.254/24']
Sep 15 10:56:08 faucet.valve INFO     DPID 1 (0x1) sw1 IPv4 routing is active on VLAN guest vid:200 untagged: Port 3 with VIPs ['10.0.200.254/24']
Sep 15 10:56:08 faucet.valve INFO     DPID 1 (0x1) sw1 IPv6 routing is active on VLAN office vid:100 tagged: Port 5 untagged: Port 1,Port 2,Port 4 with VIPs ['2001:100::1/64', 'fe80::c00:ff:fe00:1001/64']
Sep 15 10:56:08 faucet.valve INFO     DPID 1 (0x1) sw1 IPv6 routing is active on VLAN guest vid:200 untagged: Port 3 with VIPs ['2001:200::1/64', 'fe80::c00:ff:fe00:2001/64']
Sep 15 10:56:08 faucet.valve INFO     DPID 1 (0x1) sw1 table ID 0 table config match_types: (('eth_type', False), ('icmpv6_type', False), ('in_port', False), ('ip_proto', False), ('tcp_dst', False), ('udp_dst', False), ('udp_src', False)) name: port_acl next_tables: ['vlan', 'vip', 'eth_dst', 'flood'] output: True set_fields: ('eth_dst',) size: 32
Sep 15 10:56:08 faucet.valve INFO     DPID 1 (0x1) sw1 table ID 1 table config match_types: (('eth_dst', True), ('eth_type', False), ('in_port', False), ('vlan_vid', False)) name: vlan next_tables: ['vlan_acl', 'eth_src'] output: True set_fields: ('vlan_vid',) size: 32 table_id: 1 vlan_port_scale: 1.5
Sep 15 10:56:08 faucet.valve INFO     DPID 1 (0x1) sw1 table ID 2 table config match_types: (('eth_type', False), ('ipv4_dst', True), ('ipv4_src', True), ('vlan_vid', False)) name: vlan_acl next_tables: ['eth_src', 'eth_dst', 'flood'] output: True size: 32 table_id: 2
Sep 15 10:56:08 faucet.valve INFO     DPID 1 (0x1) sw1 table ID 3 table config match_types: (('eth_dst', True), ('eth_src', False), ('eth_type', False), ('in_port', False), ('vlan_vid', False)) miss_goto: eth_dst name: eth_src next_tables: ['ipv4_fib', 'ipv6_fib', 'vip', 'eth_dst', 'flood'] output: True set_fields: ('vlan_vid', 'eth_dst') size: 64 table_id: 3 vlan_port_scale: 4.1
Sep 15 10:56:08 faucet.valve INFO     DPID 1 (0x1) sw1 table ID 4 table config dec_ttl: True match_types: (('eth_type', False), ('ipv4_dst', True), ('vlan_vid', False)) name: ipv4_fib next_tables: ['vip', 'eth_dst', 'flood'] output: True set_fields: ('eth_dst', 'eth_src', 'vlan_vid') size: 32 table_id: 4 vlan_port_scale: 3.1
Sep 15 10:56:08 faucet.valve INFO     DPID 1 (0x1) sw1 table ID 5 table config dec_ttl: True match_types: (('eth_type', False), ('ipv6_dst', True), ('vlan_vid', False)) name: ipv6_fib next_tables: ['vip', 'eth_dst', 'flood'] output: True set_fields: ('eth_dst', 'eth_src', 'vlan_vid') size: 32 table_id: 5 vlan_port_scale: 3.1
Sep 15 10:56:08 faucet.valve INFO     DPID 1 (0x1) sw1 table ID 6 table config match_types: (('arp_tpa', False), ('eth_dst', False), ('eth_type', False), ('icmpv6_type', False), ('ip_proto', False)) name: vip next_tables: ['eth_dst', 'flood'] output: True size: 32 table_id: 6 vlan_scale: 8
Sep 15 10:56:08 faucet.valve INFO     DPID 1 (0x1) sw1 table ID 7 table config exact_match: True match_types: (('eth_dst', False), ('vlan_vid', False)) miss_goto: flood name: eth_dst output: True size: 64 table_id: 7 vlan_port_scale: 4.1
Sep 15 10:56:08 faucet.valve INFO     DPID 1 (0x1) sw1 table ID 8 table config match_types: (('eth_dst', True), ('in_port', False), ('vlan_vid', False)) name: flood output: True size: 96 table_id: 8 vlan_port_scale: 7.0
Sep 15 10:56:08 faucet INFO     Add new datapath DPID 2 (0x2)
Sep 15 10:56:08 faucet.valve INFO     DPID 2 (0x2) sw2 IPv4 routing is active on VLAN office vid:100 tagged: Port 24 untagged: Port 1 with VIPs ['10.0.100.254/24']
Sep 15 10:56:08 faucet.valve INFO     DPID 2 (0x2) sw2 IPv4 routing is active on VLAN guest vid:200 tagged: Port 24 untagged: Port 2,Port 4 with VIPs ['10.0.200.254/24']
Sep 15 10:56:08 faucet.valve INFO     DPID 2 (0x2) sw2 IPv6 routing is active on VLAN office vid:100 tagged: Port 24 untagged: Port 1 with VIPs ['2001:100::1/64', 'fe80::c00:ff:fe00:1001/64']
Sep 15 10:56:08 faucet.valve INFO     DPID 2 (0x2) sw2 IPv6 routing is active on VLAN guest vid:200 tagged: Port 24 untagged: Port 2,Port 4 with VIPs ['2001:200::1/64', 'fe80::c00:ff:fe00:2001/64']
Sep 15 10:56:08 faucet.valve INFO     DPID 2 (0x2) sw2 table ID 0 table config match_types: (('eth_type', False), ('icmpv6_type', False), ('in_port', False), ('ip_proto', False), ('tcp_dst', False), ('udp_dst', False), ('udp_src', False)) name: port_acl next_tables: ['vlan', 'vip', 'eth_dst', 'flood'] output: True set_fields: ('eth_dst',) size: 32
Sep 15 10:56:08 faucet.valve INFO     DPID 2 (0x2) sw2 table ID 1 table config match_types: (('eth_dst', True), ('eth_type', False), ('in_port', False), ('vlan_vid', False)) name: vlan next_tables: ['vlan_acl', 'eth_src'] output: True set_fields: ('vlan_vid',) size: 32 table_id: 1 vlan_port_scale: 1.5
Sep 15 10:56:08 faucet.valve INFO     DPID 2 (0x2) sw2 table ID 2 table config match_types: (('eth_type', False), ('ipv4_dst', True), ('ipv4_src', True), ('vlan_vid', False)) name: vlan_acl next_tables: ['eth_src', 'eth_dst', 'flood'] output: True size: 32 table_id: 2
Sep 15 10:56:08 faucet.valve INFO     DPID 2 (0x2) sw2 table ID 3 table config match_types: (('eth_dst', True), ('eth_src', False), ('eth_type', False), ('in_port', False), ('vlan_vid', False)) miss_goto: eth_dst name: eth_src next_tables: ['ipv4_fib', 'ipv6_fib', 'vip', 'eth_dst', 'flood'] output: True set_fields: ('vlan_vid', 'eth_dst') size: 64 table_id: 3 vlan_port_scale: 4.1
Sep 15 10:56:08 faucet.valve INFO     DPID 2 (0x2) sw2 table ID 4 table config dec_ttl: True match_types: (('eth_type', False), ('ipv4_dst', True), ('vlan_vid', False)) name: ipv4_fib next_tables: ['vip', 'eth_dst', 'flood'] output: True set_fields: ('eth_dst', 'eth_src', 'vlan_vid') size: 32 table_id: 4 vlan_port_scale: 3.1
Sep 15 10:56:08 faucet.valve INFO     DPID 2 (0x2) sw2 table ID 5 table config dec_ttl: True match_types: (('eth_type', False), ('ipv6_dst', True), ('vlan_vid', False)) name: ipv6_fib next_tables: ['vip', 'eth_dst', 'flood'] output: True set_fields: ('eth_dst', 'eth_src', 'vlan_vid') size: 32 table_id: 5 vlan_port_scale: 3.1
Sep 15 10:56:08 faucet.valve INFO     DPID 2 (0x2) sw2 table ID 6 table config match_types: (('arp_tpa', False), ('eth_dst', False), ('eth_type', False), ('icmpv6_type', False), ('ip_proto', False)) name: vip next_tables: ['eth_dst', 'flood'] output: True size: 32 table_id: 6 vlan_scale: 8
Sep 15 10:56:08 faucet.valve INFO     DPID 2 (0x2) sw2 table ID 7 table config exact_match: True match_types: (('eth_dst', False), ('vlan_vid', False)) miss_goto: flood name: eth_dst output: True size: 64 table_id: 7 vlan_port_scale: 4.1
Sep 15 10:56:08 faucet.valve INFO     DPID 2 (0x2) sw2 table ID 8 table config match_types: (('eth_dst', True), ('in_port', False), ('vlan_vid', False)) name: flood output: True size: 64 table_id: 8 vlan_port_scale: 7.0
Sep 15 10:56:09 faucet.valve INFO     DPID 1 (0x1) sw1 Cold start configuring DP
Sep 15 10:56:09 faucet.valve INFO     DPID 1 (0x1) sw1 Port 1 (host1 container) configured
Sep 15 10:56:09 faucet.valve INFO     DPID 1 (0x1) sw1 Port 2 (host2 container) configured
Sep 15 10:56:09 faucet.valve INFO     DPID 1 (0x1) sw1 Configuring VLAN office vid:100 tagged: Port 5 untagged: Port 1,Port 2,Port 4
Sep 15 10:56:09 faucet.valve INFO     DPID 1 (0x1) sw1 Configuring VLAN guest vid:200 untagged: Port 3
Sep 15 10:56:09 faucet INFO     ********************** switch connected **********************
Sep 15 10:56:09 faucet INFO     [(1, <ryu.controller.controller.Datapath object at 0x7fca43009b70>)]
Sep 15 10:56:13 faucet.valve INFO     DPID 1 (0x1) sw1 resolving 10.0.100.2 (1 flows) on VLAN 100
Sep 15 10:56:16 faucet.valve INFO     DPID 1 (0x1) sw1 status did not change: Port 1 up status True reason MODIFY state 0
Sep 15 10:56:16 faucet.valve INFO     DPID 1 (0x1) sw1 Port 1 state OFPPS_LIVE reset, ignoring in expectation of port down
Sep 15 10:56:16 faucet.valve INFO     DPID 1 (0x1) sw1 status change: Port 1 up status True reason DELETE state 0
Sep 15 10:56:16 faucet.valve INFO     DPID 1 (0x1) sw1 Port 1 (host1 container) down
Sep 15 10:56:16 faucet INFO     odl {"input": {"data": {"ip": "192.168.0.101", "kind": "port_mac", "data": ""}}}}
Sep 15 10:56:16 faucet INFO     Send notify success
Sep 15 10:56:16 faucet INFO     onos {"ip": "192.168.0.101", "kind": "port_mac", "data": ""}
Sep 15 10:56:16 faucet INFO     odl {"input": {"data": {"ip": "192.168.0.101", "kind": "l2_port", "data": ""}}}}
Sep 15 10:56:16 faucet INFO     Send notify success
Sep 15 10:56:16 faucet INFO     onos {"ip": "192.168.0.101", "kind": "l2_port", "data": ""}
Sep 15 10:56:16 faucet INFO     ************************** port change ***********************
Sep 15 10:56:16 faucet INFO     odl {"input": {"data": {"ip": "192.168.0.101", "kind": "port_mac", "data": ""}}}}
Sep 15 10:56:16 faucet INFO     Send notify success
Sep 15 10:56:16 faucet INFO     onos {"ip": "192.168.0.101", "kind": "port_mac", "data": ""}
Sep 15 10:56:16 faucet INFO     odl {"input": {"data": {"ip": "192.168.0.101", "kind": "l2_port", "data": ""}}}}
Sep 15 10:56:16 faucet INFO     Send notify success
Sep 15 10:56:16 faucet INFO     onos {"ip": "192.168.0.101", "kind": "l2_port", "data": ""}
Sep 15 10:56:16 faucet INFO     ************************** port change ***********************
Sep 15 10:56:16 faucet.valve INFO     DPID 1 (0x1) sw1 status change: Port 2 up status True reason DELETE state 4
Sep 15 10:56:16 faucet.valve INFO     DPID 1 (0x1) sw1 Port 2 (host2 container) down
Sep 15 10:56:16 faucet INFO     odl {"input": {"data": {"ip": "192.168.0.101", "kind": "port_mac", "data": ""}}}}
Sep 15 10:56:16 faucet INFO     Send notify success
Sep 15 10:56:16 faucet INFO     onos {"ip": "192.168.0.101", "kind": "port_mac", "data": ""}
Sep 15 10:56:16 faucet INFO     odl {"input": {"data": {"ip": "192.168.0.101", "kind": "l2_port", "data": ""}}}}
Sep 15 10:56:16 faucet INFO     Send notify success
Sep 15 10:56:16 faucet INFO     onos {"ip": "192.168.0.101", "kind": "l2_port", "data": ""}
Sep 15 10:56:16 faucet INFO     ************************** port change ***********************
Sep 15 10:56:16 faucet.valve WARNING  DPID 1 (0x1) sw1 datapath down
Sep 15 10:56:16 faucet.valve INFO     DPID 1 (0x1) sw1 Port 1 (host1 container) down
Sep 15 10:56:16 faucet.valve INFO     DPID 1 (0x1) sw1 Port 2 (host2 container) down
Sep 15 10:56:16 faucet.valve INFO     DPID 1 (0x1) sw1 Port 3 (guest1 container) down
Sep 15 10:56:16 faucet.valve INFO     DPID 1 (0x1) sw1 Port 4 (services container) down
Sep 15 10:56:16 faucet.valve INFO     DPID 1 (0x1) sw1 Port 5 (VLAN trunk to sw2) down
Sep 15 10:56:16 faucet INFO     odl {"input": {"data": {"ip": "192.168.0.101", "kind": "port_mac", "data": ""}}}}
Sep 15 10:56:16 faucet INFO     Send notify success
Sep 15 10:56:16 faucet INFO     onos {"ip": "192.168.0.101", "kind": "port_mac", "data": ""}
Sep 15 10:56:16 faucet INFO     odl {"input": {"data": {"ip": "192.168.0.101", "kind": "l2_port", "data": ""}}}}
Sep 15 10:56:16 faucet INFO     Send notify success
Sep 15 10:56:16 faucet INFO     onos {"ip": "192.168.0.101", "kind": "l2_port", "data": ""}
Sep 15 10:56:16 faucet INFO     ********************** switch disconnected *******************
Sep 15 10:56:20 faucet.valve INFO     DPID 1 (0x1) sw1 Cold start configuring DP
Sep 15 10:56:20 faucet.valve INFO     DPID 1 (0x1) sw1 Port 1 (host1 container) configured
Sep 15 10:56:20 faucet.valve INFO     DPID 1 (0x1) sw1 Port 2 (host2 container) configured
Sep 15 10:56:20 faucet.valve INFO     DPID 1 (0x1) sw1 Configuring VLAN office vid:100 tagged: Port 5 untagged: Port 1,Port 2,Port 4
Sep 15 10:56:20 faucet.valve INFO     DPID 1 (0x1) sw1 Configuring VLAN guest vid:200 untagged: Port 3
Sep 15 10:56:20 faucet INFO     odl {"input": {"data": {"ip": "192.168.0.101", "kind": "port_mac", "data": ""}}}}
Sep 15 10:56:20 faucet INFO     Send notify success
Sep 15 10:56:20 faucet INFO     onos {"ip": "192.168.0.101", "kind": "port_mac", "data": ""}
Sep 15 10:56:20 faucet INFO     odl {"input": {"data": {"ip": "192.168.0.101", "kind": "l2_port", "data": ""}}}}
Sep 15 10:56:20 faucet INFO     Send notify success
Sep 15 10:56:20 faucet INFO     onos {"ip": "192.168.0.101", "kind": "l2_port", "data": ""}
Sep 15 10:56:20 faucet INFO     ********************** switch connected **********************
Sep 15 10:56:20 faucet INFO     [(1, <ryu.controller.controller.Datapath object at 0x7fca42f93eb8>)]
Sep 15 10:56:21 faucet.valve INFO     DPID 1 (0x1) sw1 L2 learned on Port 2 ba:68:f7:4c:cb:2d (L2 type 0x86dd, L2 dst 33:33:00:00:00:16, L3 src None, L3 dst None) Port 2 VLAN 100 (1 hosts total)
Sep 15 10:56:21 faucet.valve INFO     DPID 1 (0x1) sw1 L2 learned on Port 1 42:94:ff:cc:d3:b3 (L2 type 0x86dd, L2 dst 33:33:ff:cc:d3:b3, L3 src ::, L3 dst ff02::1:ffcc:d3b3) Port 1 VLAN 100 (2 hosts total)
Sep 15 10:56:21 faucet.valve INFO     DPID 1 (0x1) sw1 Responded to RS solicit from fe80::b868:f7ff:fe4c:cb2d (ba:68:f7:4c:cb:2d (L2 type 0x86dd, L2 dst 33:33:00:00:00:02, L3 src fe80::b868:f7ff:fe4c:cb2d, L3 dst ff02::2) Port 2 VLAN 100)
Sep 15 10:56:22 faucet.valve INFO     DPID 1 (0x1) sw1 status did not change: Port 2 up status True reason MODIFY state 4
Sep 15 10:56:22 faucet INFO     odl {"input": {"data": {"ip": "192.168.0.101", "kind": "port_mac", "data": "{\"port mac\": [{\"dp_id\": \"0x1\", \"dp_name\": \"sw1\", \"port\": \"h2\", \"port_description\": \"host2 container\", \"vlan\": \"100\", \"n\": \"0\"}, {\"dp_id\": \"0x1\", \"dp_name\": \"sw1\", \"port\": \"h1\", \"port_description\": \"host1 container\", \"vlan\": \"100\", \"n\": \"0\"}]}"}}}}
Sep 15 10:56:22 faucet INFO     Send notify success
Sep 15 10:56:22 faucet INFO     onos {"ip": "192.168.0.101", "kind": "port_mac", "data": "{\"port mac\": [{\"dp_id\": \"0x1\", \"dp_name\": \"sw1\", \"port\": \"h2\", \"port_description\": \"host2 container\", \"vlan\": \"100\", \"n\": \"0\"}, {\"dp_id\": \"0x1\", \"dp_name\": \"sw1\", \"port\": \"h1\", \"port_description\": \"host1 container\", \"vlan\": \"100\", \"n\": \"0\"}]}"}
Sep 15 10:56:22 faucet INFO     odl {"input": {"data": {"ip": "192.168.0.101", "kind": "l2_port", "data": "{\"l2 port\": [{\"dp_id\": \"0x1\", \"dp_name\": \"sw1\", \"vid\": \"100\", \"eth_src\": \"ba:68:f7:4c:cb:2d\"}, {\"dp_id\": \"0x1\", \"dp_name\": \"sw1\", \"vid\": \"100\", \"eth_src\": \"42:94:ff:cc:d3:b3\"}]}"}}}}
Sep 15 10:56:22 faucet INFO     Send notify success
Sep 15 10:56:22 faucet INFO     onos {"ip": "192.168.0.101", "kind": "l2_port", "data": "{\"l2 port\": [{\"dp_id\": \"0x1\", \"dp_name\": \"sw1\", \"vid\": \"100\", \"eth_src\": \"ba:68:f7:4c:cb:2d\"}, {\"dp_id\": \"0x1\", \"dp_name\": \"sw1\", \"vid\": \"100\", \"eth_src\": \"42:94:ff:cc:d3:b3\"}]}"}
Sep 15 10:56:22 faucet INFO     ************************** port change ***********************
Sep 15 10:56:22 faucet.valve INFO     DPID 1 (0x1) sw1 Responded to RS solicit from fe80::4094:ffff:fecc:d3b3 (42:94:ff:cc:d3:b3 (L2 type 0x86dd, L2 dst 33:33:00:00:00:02, L3 src fe80::4094:ffff:fecc:d3b3, L3 dst ff02::2) Port 1 VLAN 100)
Sep 15 10:56:22 faucet.valve INFO     DPID 1 (0x1) sw1 status did not change: Port 1 up status True reason MODIFY state 4
Sep 15 10:56:22 faucet INFO     odl {"input": {"data": {"ip": "192.168.0.101", "kind": "port_mac", "data": "{\"port mac\": [{\"dp_id\": \"0x1\", \"dp_name\": \"sw1\", \"port\": \"h2\", \"port_description\": \"host2 container\", \"vlan\": \"100\", \"n\": \"0\"}, {\"dp_id\": \"0x1\", \"dp_name\": \"sw1\", \"port\": \"h1\", \"port_description\": \"host1 container\", \"vlan\": \"100\", \"n\": \"0\"}]}"}}}}
Sep 15 10:56:22 faucet INFO     Send notify success
Sep 15 10:56:22 faucet INFO     onos {"ip": "192.168.0.101", "kind": "port_mac", "data": "{\"port mac\": [{\"dp_id\": \"0x1\", \"dp_name\": \"sw1\", \"port\": \"h2\", \"port_description\": \"host2 container\", \"vlan\": \"100\", \"n\": \"0\"}, {\"dp_id\": \"0x1\", \"dp_name\": \"sw1\", \"port\": \"h1\", \"port_description\": \"host1 container\", \"vlan\": \"100\", \"n\": \"0\"}]}"}
Sep 15 10:56:22 faucet INFO     odl {"input": {"data": {"ip": "192.168.0.101", "kind": "l2_port", "data": "{\"l2 port\": [{\"dp_id\": \"0x1\", \"dp_name\": \"sw1\", \"vid\": \"100\", \"eth_src\": \"ba:68:f7:4c:cb:2d\"}, {\"dp_id\": \"0x1\", \"dp_name\": \"sw1\", \"vid\": \"100\", \"eth_src\": \"42:94:ff:cc:d3:b3\"}]}"}}}}
Sep 15 10:56:22 faucet INFO     Send notify success
Sep 15 10:56:22 faucet INFO     onos {"ip": "192.168.0.101", "kind": "l2_port", "data": "{\"l2 port\": [{\"dp_id\": \"0x1\", \"dp_name\": \"sw1\", \"vid\": \"100\", \"eth_src\": \"ba:68:f7:4c:cb:2d\"}, {\"dp_id\": \"0x1\", \"dp_name\": \"sw1\", \"vid\": \"100\", \"eth_src\": \"42:94:ff:cc:d3:b3\"}]}"}
Sep 15 10:56:22 faucet INFO     ************************** port change ***********************
Sep 15 10:56:25 faucet.valve INFO     DPID 1 (0x1) sw1 resolving 10.0.100.2 (1 flows) on VLAN 100
Sep 15 10:56:28 faucet.valve INFO     DPID 1 (0x1) sw1 resolving 10.0.100.2 retry 2 (last attempt was 3s ago; 1 flows) on VLAN 100
Sep 15 10:56:35 faucet.valve INFO     DPID 1 (0x1) sw1 resolving 10.0.100.2 retry 3 (last attempt was 7s ago; 1 flows) on VLAN 100
Sep 15 10:56:47 faucet.valve INFO     DPID 1 (0x1) sw1 resolving 10.0.100.2 retry 4 (last attempt was 11s ago; 1 flows) on VLAN 100
Sep 15 10:57:06 faucet.valve INFO     DPID 1 (0x1) sw1 resolving 10.0.100.2 retry 5 (last attempt was 19s ago; 1 flows) on VLAN 100
Sep 15 10:57:42 faucet.valve INFO     DPID 1 (0x1) sw1 resolving 10.0.100.2 retry 6 (last attempt was 36s ago; 1 flows) on VLAN 100
Sep 15 10:57:54 faucet ERROR    unexpected unknown thread termination - check Ryu/process stderr log
Sep 15 10:57:54 faucet.exception ERROR    Unhandled exception, killing RYU
Traceback (most recent call last):
  File "/home/namhust98/sina/faucet/faucet/valve_util.py", line 34, in __koe
    func(*args, **kwargs)
  File "/home/namhust98/sina/faucet/faucet/faucet.py", line 149, in _check_thread_exception
    super(Faucet, self)._check_thread_exception()
  File "/home/namhust98/sina/faucet/faucet/valve_ryuapp.py", line 91, in _check_thread_exception
    raise ValveDeadThreadException
faucet.valve_ryuapp.ValveDeadThreadException
Sep 15 10:57:55 faucet INFO     version 0.0.1.dev20
Sep 15 10:57:55 faucet INFO     Reloading configuration
Sep 15 10:57:55 faucet INFO     configuration /home/namhust98/sina/faucet/venv/etc/faucet/faucet.yaml changed, analyzing differences
Sep 15 10:57:55 faucet.config INFO     including file: /home/namhust98/sina/faucet/venv/etc/faucet/acls.yaml
Sep 15 10:57:56 faucet INFO     Add new datapath DPID 1 (0x1)
Sep 15 10:57:56 faucet.valve INFO     DPID 1 (0x1) sw1 IPv4 routing is active on VLAN office vid:100 tagged: Port 5 untagged: Port 1,Port 2,Port 4 with VIPs ['10.0.100.254/24']
Sep 15 10:57:56 faucet.valve INFO     DPID 1 (0x1) sw1 IPv4 routing is active on VLAN guest vid:200 untagged: Port 3 with VIPs ['10.0.200.254/24']
Sep 15 10:57:56 faucet.valve INFO     DPID 1 (0x1) sw1 IPv6 routing is active on VLAN office vid:100 tagged: Port 5 untagged: Port 1,Port 2,Port 4 with VIPs ['2001:100::1/64', 'fe80::c00:ff:fe00:1001/64']
Sep 15 10:57:56 faucet.valve INFO     DPID 1 (0x1) sw1 IPv6 routing is active on VLAN guest vid:200 untagged: Port 3 with VIPs ['2001:200::1/64', 'fe80::c00:ff:fe00:2001/64']
Sep 15 10:57:56 faucet.valve INFO     DPID 1 (0x1) sw1 table ID 0 table config match_types: (('eth_type', False), ('icmpv6_type', False), ('in_port', False), ('ip_proto', False), ('tcp_dst', False), ('udp_dst', False), ('udp_src', False)) name: port_acl next_tables: ['vlan', 'vip', 'eth_dst', 'flood'] output: True set_fields: ('eth_dst',) size: 32
Sep 15 10:57:56 faucet.valve INFO     DPID 1 (0x1) sw1 table ID 1 table config match_types: (('eth_dst', True), ('eth_type', False), ('in_port', False), ('vlan_vid', False)) name: vlan next_tables: ['vlan_acl', 'eth_src'] output: True set_fields: ('vlan_vid',) size: 32 table_id: 1 vlan_port_scale: 1.5
Sep 15 10:57:56 faucet.valve INFO     DPID 1 (0x1) sw1 table ID 2 table config match_types: (('eth_type', False), ('ipv4_dst', True), ('ipv4_src', True), ('vlan_vid', False)) name: vlan_acl next_tables: ['eth_src', 'eth_dst', 'flood'] output: True size: 32 table_id: 2
Sep 15 10:57:56 faucet.valve INFO     DPID 1 (0x1) sw1 table ID 3 table config match_types: (('eth_dst', True), ('eth_src', False), ('eth_type', False), ('in_port', False), ('vlan_vid', False)) miss_goto: eth_dst name: eth_src next_tables: ['ipv4_fib', 'ipv6_fib', 'vip', 'eth_dst', 'flood'] output: True set_fields: ('vlan_vid', 'eth_dst') size: 64 table_id: 3 vlan_port_scale: 4.1
Sep 15 10:57:56 faucet.valve INFO     DPID 1 (0x1) sw1 table ID 4 table config dec_ttl: True match_types: (('eth_type', False), ('ipv4_dst', True), ('vlan_vid', False)) name: ipv4_fib next_tables: ['vip', 'eth_dst', 'flood'] output: True set_fields: ('eth_dst', 'eth_src', 'vlan_vid') size: 32 table_id: 4 vlan_port_scale: 3.1
Sep 15 10:57:56 faucet.valve INFO     DPID 1 (0x1) sw1 table ID 5 table config dec_ttl: True match_types: (('eth_type', False), ('ipv6_dst', True), ('vlan_vid', False)) name: ipv6_fib next_tables: ['vip', 'eth_dst', 'flood'] output: True set_fields: ('eth_dst', 'eth_src', 'vlan_vid') size: 32 table_id: 5 vlan_port_scale: 3.1
Sep 15 10:57:56 faucet.valve INFO     DPID 1 (0x1) sw1 table ID 6 table config match_types: (('arp_tpa', False), ('eth_dst', False), ('eth_type', False), ('icmpv6_type', False), ('ip_proto', False)) name: vip next_tables: ['eth_dst', 'flood'] output: True size: 32 table_id: 6 vlan_scale: 8
Sep 15 10:57:56 faucet.valve INFO     DPID 1 (0x1) sw1 table ID 7 table config exact_match: True match_types: (('eth_dst', False), ('vlan_vid', False)) miss_goto: flood name: eth_dst output: True size: 64 table_id: 7 vlan_port_scale: 4.1
Sep 15 10:57:56 faucet.valve INFO     DPID 1 (0x1) sw1 table ID 8 table config match_types: (('eth_dst', True), ('in_port', False), ('vlan_vid', False)) name: flood output: True size: 96 table_id: 8 vlan_port_scale: 7.0
Sep 15 10:57:56 faucet INFO     Add new datapath DPID 2 (0x2)
Sep 15 10:57:56 faucet.valve INFO     DPID 2 (0x2) sw2 IPv4 routing is active on VLAN office vid:100 tagged: Port 24 untagged: Port 1 with VIPs ['10.0.100.254/24']
Sep 15 10:57:56 faucet.valve INFO     DPID 2 (0x2) sw2 IPv4 routing is active on VLAN guest vid:200 tagged: Port 24 untagged: Port 2,Port 4 with VIPs ['10.0.200.254/24']
Sep 15 10:57:56 faucet.valve INFO     DPID 2 (0x2) sw2 IPv6 routing is active on VLAN office vid:100 tagged: Port 24 untagged: Port 1 with VIPs ['2001:100::1/64', 'fe80::c00:ff:fe00:1001/64']
Sep 15 10:57:56 faucet.valve INFO     DPID 2 (0x2) sw2 IPv6 routing is active on VLAN guest vid:200 tagged: Port 24 untagged: Port 2,Port 4 with VIPs ['2001:200::1/64', 'fe80::c00:ff:fe00:2001/64']
Sep 15 10:57:56 faucet.valve INFO     DPID 2 (0x2) sw2 table ID 0 table config match_types: (('eth_type', False), ('icmpv6_type', False), ('in_port', False), ('ip_proto', False), ('tcp_dst', False), ('udp_dst', False), ('udp_src', False)) name: port_acl next_tables: ['vlan', 'vip', 'eth_dst', 'flood'] output: True set_fields: ('eth_dst',) size: 32
Sep 15 10:57:56 faucet.valve INFO     DPID 2 (0x2) sw2 table ID 1 table config match_types: (('eth_dst', True), ('eth_type', False), ('in_port', False), ('vlan_vid', False)) name: vlan next_tables: ['vlan_acl', 'eth_src'] output: True set_fields: ('vlan_vid',) size: 32 table_id: 1 vlan_port_scale: 1.5
Sep 15 10:57:56 faucet.valve INFO     DPID 2 (0x2) sw2 table ID 2 table config match_types: (('eth_type', False), ('ipv4_dst', True), ('ipv4_src', True), ('vlan_vid', False)) name: vlan_acl next_tables: ['eth_src', 'eth_dst', 'flood'] output: True size: 32 table_id: 2
Sep 15 10:57:56 faucet.valve INFO     DPID 2 (0x2) sw2 table ID 3 table config match_types: (('eth_dst', True), ('eth_src', False), ('eth_type', False), ('in_port', False), ('vlan_vid', False)) miss_goto: eth_dst name: eth_src next_tables: ['ipv4_fib', 'ipv6_fib', 'vip', 'eth_dst', 'flood'] output: True set_fields: ('vlan_vid', 'eth_dst') size: 64 table_id: 3 vlan_port_scale: 4.1
Sep 15 10:57:56 faucet.valve INFO     DPID 2 (0x2) sw2 table ID 4 table config dec_ttl: True match_types: (('eth_type', False), ('ipv4_dst', True), ('vlan_vid', False)) name: ipv4_fib next_tables: ['vip', 'eth_dst', 'flood'] output: True set_fields: ('eth_dst', 'eth_src', 'vlan_vid') size: 32 table_id: 4 vlan_port_scale: 3.1
Sep 15 10:57:56 faucet.valve INFO     DPID 2 (0x2) sw2 table ID 5 table config dec_ttl: True match_types: (('eth_type', False), ('ipv6_dst', True), ('vlan_vid', False)) name: ipv6_fib next_tables: ['vip', 'eth_dst', 'flood'] output: True set_fields: ('eth_dst', 'eth_src', 'vlan_vid') size: 32 table_id: 5 vlan_port_scale: 3.1
Sep 15 10:57:56 faucet.valve INFO     DPID 2 (0x2) sw2 table ID 6 table config match_types: (('arp_tpa', False), ('eth_dst', False), ('eth_type', False), ('icmpv6_type', False), ('ip_proto', False)) name: vip next_tables: ['eth_dst', 'flood'] output: True size: 32 table_id: 6 vlan_scale: 8
Sep 15 10:57:56 faucet.valve INFO     DPID 2 (0x2) sw2 table ID 7 table config exact_match: True match_types: (('eth_dst', False), ('vlan_vid', False)) miss_goto: flood name: eth_dst output: True size: 64 table_id: 7 vlan_port_scale: 4.1
Sep 15 10:57:56 faucet.valve INFO     DPID 2 (0x2) sw2 table ID 8 table config match_types: (('eth_dst', True), ('in_port', False), ('vlan_vid', False)) name: flood output: True size: 64 table_id: 8 vlan_port_scale: 7.0
Sep 15 10:57:56 faucet.valve INFO     DPID 1 (0x1) sw1 Cold start configuring DP
Sep 15 10:57:56 faucet.valve INFO     DPID 1 (0x1) sw1 Port 1 (host1 container) configured
Sep 15 10:57:56 faucet.valve INFO     DPID 1 (0x1) sw1 Port 2 (host2 container) configured
Sep 15 10:57:56 faucet.valve INFO     DPID 1 (0x1) sw1 Configuring VLAN office vid:100 tagged: Port 5 untagged: Port 1,Port 2,Port 4
Sep 15 10:57:56 faucet.valve INFO     DPID 1 (0x1) sw1 Configuring VLAN guest vid:200 untagged: Port 3
Sep 15 10:57:56 faucet INFO     ********************** switch connected **********************
Sep 15 10:57:56 faucet INFO     [(1, <ryu.controller.controller.Datapath object at 0x7f539ab69b70>)]
Sep 15 10:58:02 faucet.valve INFO     DPID 1 (0x1) sw1 resolving 10.0.100.2 (1 flows) on VLAN 100
Sep 15 10:58:02 faucet.valve INFO     DPID 1 (0x1) sw1 status did not change: Port 1 up status True reason MODIFY state 0
Sep 15 10:58:02 faucet.valve INFO     DPID 1 (0x1) sw1 Port 1 state OFPPS_LIVE reset, ignoring in expectation of port down
Sep 15 10:58:02 faucet.valve INFO     DPID 1 (0x1) sw1 status change: Port 1 up status True reason DELETE state 0
Sep 15 10:58:02 faucet.valve INFO     DPID 1 (0x1) sw1 Port 1 (host1 container) down
Sep 15 10:58:02 faucet INFO     odl {"input": {"data": "{\"ip\": \"192.168.0.101\", \"kind\": \"port_mac\", \"data\": \"\"}"}}
Sep 15 10:58:02 faucet INFO     Send notify success
Sep 15 10:58:02 faucet INFO     onos {"ip": "192.168.0.101", "kind": "port_mac", "data": ""}
Sep 15 10:58:02 faucet INFO     odl {"input": {"data": "{\"ip\": \"192.168.0.101\", \"kind\": \"l2_port\", \"data\": \"\"}"}}
Sep 15 10:58:02 faucet INFO     Send notify success
Sep 15 10:58:02 faucet INFO     onos {"ip": "192.168.0.101", "kind": "l2_port", "data": ""}
Sep 15 10:58:02 faucet INFO     ************************** port change ***********************
Sep 15 10:58:02 faucet INFO     odl {"input": {"data": "{\"ip\": \"192.168.0.101\", \"kind\": \"port_mac\", \"data\": \"\"}"}}
Sep 15 10:58:02 faucet INFO     Send notify success
Sep 15 10:58:02 faucet INFO     onos {"ip": "192.168.0.101", "kind": "port_mac", "data": ""}
Sep 15 10:58:02 faucet INFO     odl {"input": {"data": "{\"ip\": \"192.168.0.101\", \"kind\": \"l2_port\", \"data\": \"\"}"}}
Sep 15 10:58:02 faucet INFO     Send notify success
Sep 15 10:58:02 faucet INFO     onos {"ip": "192.168.0.101", "kind": "l2_port", "data": ""}
Sep 15 10:58:02 faucet INFO     ************************** port change ***********************
Sep 15 10:58:02 faucet.valve INFO     DPID 1 (0x1) sw1 status change: Port 2 up status True reason DELETE state 4
Sep 15 10:58:02 faucet.valve INFO     DPID 1 (0x1) sw1 Port 2 (host2 container) down
Sep 15 10:58:02 faucet INFO     odl {"input": {"data": "{\"ip\": \"192.168.0.101\", \"kind\": \"port_mac\", \"data\": \"\"}"}}
Sep 15 10:58:02 faucet INFO     Send notify success
Sep 15 10:58:02 faucet INFO     onos {"ip": "192.168.0.101", "kind": "port_mac", "data": ""}
Sep 15 10:58:02 faucet INFO     odl {"input": {"data": "{\"ip\": \"192.168.0.101\", \"kind\": \"l2_port\", \"data\": \"\"}"}}
Sep 15 10:58:02 faucet INFO     Send notify success
Sep 15 10:58:02 faucet INFO     onos {"ip": "192.168.0.101", "kind": "l2_port", "data": ""}
Sep 15 10:58:02 faucet INFO     ************************** port change ***********************
Sep 15 10:58:02 faucet.valve WARNING  DPID 1 (0x1) sw1 datapath down
Sep 15 10:58:02 faucet.valve INFO     DPID 1 (0x1) sw1 Port 1 (host1 container) down
Sep 15 10:58:02 faucet.valve INFO     DPID 1 (0x1) sw1 Port 2 (host2 container) down
Sep 15 10:58:02 faucet.valve INFO     DPID 1 (0x1) sw1 Port 3 (guest1 container) down
Sep 15 10:58:02 faucet.valve INFO     DPID 1 (0x1) sw1 Port 4 (services container) down
Sep 15 10:58:02 faucet.valve INFO     DPID 1 (0x1) sw1 Port 5 (VLAN trunk to sw2) down
Sep 15 10:58:02 faucet INFO     odl {"input": {"data": "{\"ip\": \"192.168.0.101\", \"kind\": \"port_mac\", \"data\": \"\"}"}}
Sep 15 10:58:02 faucet INFO     Send notify success
Sep 15 10:58:02 faucet INFO     onos {"ip": "192.168.0.101", "kind": "port_mac", "data": ""}
Sep 15 10:58:02 faucet INFO     odl {"input": {"data": "{\"ip\": \"192.168.0.101\", \"kind\": \"l2_port\", \"data\": \"\"}"}}
Sep 15 10:58:02 faucet INFO     Send notify success
Sep 15 10:58:02 faucet INFO     onos {"ip": "192.168.0.101", "kind": "l2_port", "data": ""}
Sep 15 10:58:02 faucet INFO     ********************** switch disconnected *******************
Sep 15 10:58:04 faucet.valve INFO     DPID 1 (0x1) sw1 Cold start configuring DP
Sep 15 10:58:04 faucet.valve INFO     DPID 1 (0x1) sw1 Port 1 (host1 container) configured
Sep 15 10:58:04 faucet.valve INFO     DPID 1 (0x1) sw1 Port 2 (host2 container) configured
Sep 15 10:58:04 faucet.valve INFO     DPID 1 (0x1) sw1 Configuring VLAN office vid:100 tagged: Port 5 untagged: Port 1,Port 2,Port 4
Sep 15 10:58:04 faucet.valve INFO     DPID 1 (0x1) sw1 Configuring VLAN guest vid:200 untagged: Port 3
Sep 15 10:58:04 faucet INFO     odl {"input": {"data": "{\"ip\": \"192.168.0.101\", \"kind\": \"port_mac\", \"data\": \"\"}"}}
Sep 15 10:58:04 faucet INFO     Send notify success
Sep 15 10:58:04 faucet INFO     onos {"ip": "192.168.0.101", "kind": "port_mac", "data": ""}
Sep 15 10:58:04 faucet INFO     odl {"input": {"data": "{\"ip\": \"192.168.0.101\", \"kind\": \"l2_port\", \"data\": \"\"}"}}
Sep 15 10:58:04 faucet INFO     Send notify success
Sep 15 10:58:04 faucet INFO     onos {"ip": "192.168.0.101", "kind": "l2_port", "data": ""}
Sep 15 10:58:04 faucet INFO     ********************** switch connected **********************
Sep 15 10:58:04 faucet INFO     [(1, <ryu.controller.controller.Datapath object at 0x7f539abe0f60>)]
Sep 15 10:58:04 faucet.valve INFO     DPID 1 (0x1) sw1 L2 learned on Port 2 06:9d:76:11:67:3b (L2 type 0x86dd, L2 dst 33:33:ff:11:67:3b, L3 src ::, L3 dst ff02::1:ff11:673b) Port 2 VLAN 100 (1 hosts total)
Sep 15 10:58:04 faucet.valve INFO     DPID 1 (0x1) sw1 L2 learned on Port 1 1e:64:34:cb:30:44 (L2 type 0x86dd, L2 dst 33:33:ff:cb:30:44, L3 src ::, L3 dst ff02::1:ffcb:3044) Port 1 VLAN 100 (2 hosts total)
Sep 15 10:58:05 faucet.valve INFO     DPID 1 (0x1) sw1 Responded to RS solicit from fe80::49d:76ff:fe11:673b (06:9d:76:11:67:3b (L2 type 0x86dd, L2 dst 33:33:00:00:00:02, L3 src fe80::49d:76ff:fe11:673b, L3 dst ff02::2) Port 2 VLAN 100)
Sep 15 10:58:05 faucet.valve INFO     DPID 1 (0x1) sw1 Responded to RS solicit from fe80::1c64:34ff:fecb:3044 (1e:64:34:cb:30:44 (L2 type 0x86dd, L2 dst 33:33:00:00:00:02, L3 src fe80::1c64:34ff:fecb:3044, L3 dst ff02::2) Port 1 VLAN 100)
Sep 15 10:58:05 faucet.valve INFO     DPID 1 (0x1) sw1 status did not change: Port 2 up status True reason MODIFY state 4
Sep 15 10:58:05 faucet INFO     odl {"input": {"data": "{\"ip\": \"192.168.0.101\", \"kind\": \"port_mac\", \"data\": \"{\\\"port mac\\\": [{\\\"dp_id\\\": \\\"0x1\\\", \\\"dp_name\\\": \\\"sw1\\\", \\\"port\\\": \\\"h2\\\", \\\"port_description\\\": \\\"host2 container\\\", \\\"vlan\\\": \\\"100\\\", \\\"n\\\": \\\"0\\\"}, {\\\"dp_id\\\": \\\"0x1\\\", \\\"dp_name\\\": \\\"sw1\\\", \\\"port\\\": \\\"h1\\\", \\\"port_description\\\": \\\"host1 container\\\", \\\"vlan\\\": \\\"100\\\", \\\"n\\\": \\\"0\\\"}]}\"}"}}
Sep 15 10:58:05 faucet INFO     Send notify success
Sep 15 10:58:05 faucet INFO     onos {"ip": "192.168.0.101", "kind": "port_mac", "data": "{\"port mac\": [{\"dp_id\": \"0x1\", \"dp_name\": \"sw1\", \"port\": \"h2\", \"port_description\": \"host2 container\", \"vlan\": \"100\", \"n\": \"0\"}, {\"dp_id\": \"0x1\", \"dp_name\": \"sw1\", \"port\": \"h1\", \"port_description\": \"host1 container\", \"vlan\": \"100\", \"n\": \"0\"}]}"}
Sep 15 10:58:05 faucet INFO     odl {"input": {"data": "{\"ip\": \"192.168.0.101\", \"kind\": \"l2_port\", \"data\": \"{\\\"l2 port\\\": [{\\\"dp_id\\\": \\\"0x1\\\", \\\"dp_name\\\": \\\"sw1\\\", \\\"vid\\\": \\\"100\\\", \\\"eth_src\\\": \\\"06:9d:76:11:67:3b\\\"}, {\\\"dp_id\\\": \\\"0x1\\\", \\\"dp_name\\\": \\\"sw1\\\", \\\"vid\\\": \\\"100\\\", \\\"eth_src\\\": \\\"1e:64:34:cb:30:44\\\"}]}\"}"}}
Sep 15 10:58:05 faucet INFO     Send notify success
Sep 15 10:58:05 faucet INFO     onos {"ip": "192.168.0.101", "kind": "l2_port", "data": "{\"l2 port\": [{\"dp_id\": \"0x1\", \"dp_name\": \"sw1\", \"vid\": \"100\", \"eth_src\": \"06:9d:76:11:67:3b\"}, {\"dp_id\": \"0x1\", \"dp_name\": \"sw1\", \"vid\": \"100\", \"eth_src\": \"1e:64:34:cb:30:44\"}]}"}
Sep 15 10:58:05 faucet INFO     ************************** port change ***********************
Sep 15 10:58:06 faucet.valve INFO     DPID 1 (0x1) sw1 status did not change: Port 1 up status True reason MODIFY state 4
Sep 15 10:58:06 faucet INFO     odl {"input": {"data": "{\"ip\": \"192.168.0.101\", \"kind\": \"port_mac\", \"data\": \"{\\\"port mac\\\": [{\\\"dp_id\\\": \\\"0x1\\\", \\\"dp_name\\\": \\\"sw1\\\", \\\"port\\\": \\\"h2\\\", \\\"port_description\\\": \\\"host2 container\\\", \\\"vlan\\\": \\\"100\\\", \\\"n\\\": \\\"0\\\"}, {\\\"dp_id\\\": \\\"0x1\\\", \\\"dp_name\\\": \\\"sw1\\\", \\\"port\\\": \\\"h1\\\", \\\"port_description\\\": \\\"host1 container\\\", \\\"vlan\\\": \\\"100\\\", \\\"n\\\": \\\"0\\\"}]}\"}"}}
Sep 15 10:58:06 faucet INFO     Send notify success
Sep 15 10:58:06 faucet INFO     onos {"ip": "192.168.0.101", "kind": "port_mac", "data": "{\"port mac\": [{\"dp_id\": \"0x1\", \"dp_name\": \"sw1\", \"port\": \"h2\", \"port_description\": \"host2 container\", \"vlan\": \"100\", \"n\": \"0\"}, {\"dp_id\": \"0x1\", \"dp_name\": \"sw1\", \"port\": \"h1\", \"port_description\": \"host1 container\", \"vlan\": \"100\", \"n\": \"0\"}]}"}
Sep 15 10:58:06 faucet INFO     odl {"input": {"data": "{\"ip\": \"192.168.0.101\", \"kind\": \"l2_port\", \"data\": \"{\\\"l2 port\\\": [{\\\"dp_id\\\": \\\"0x1\\\", \\\"dp_name\\\": \\\"sw1\\\", \\\"vid\\\": \\\"100\\\", \\\"eth_src\\\": \\\"06:9d:76:11:67:3b\\\"}, {\\\"dp_id\\\": \\\"0x1\\\", \\\"dp_name\\\": \\\"sw1\\\", \\\"vid\\\": \\\"100\\\", \\\"eth_src\\\": \\\"1e:64:34:cb:30:44\\\"}]}\"}"}}
Sep 15 10:58:06 faucet INFO     Send notify success
Sep 15 10:58:06 faucet INFO     onos {"ip": "192.168.0.101", "kind": "l2_port", "data": "{\"l2 port\": [{\"dp_id\": \"0x1\", \"dp_name\": \"sw1\", \"vid\": \"100\", \"eth_src\": \"06:9d:76:11:67:3b\"}, {\"dp_id\": \"0x1\", \"dp_name\": \"sw1\", \"vid\": \"100\", \"eth_src\": \"1e:64:34:cb:30:44\"}]}"}
Sep 15 10:58:06 faucet INFO     ************************** port change ***********************
Sep 15 10:58:07 faucet.valve INFO     DPID 1 (0x1) sw1 resolving 10.0.100.2 (1 flows) on VLAN 100
Sep 15 10:58:10 faucet.valve INFO     DPID 1 (0x1) sw1 resolving 10.0.100.2 retry 2 (last attempt was 2s ago; 1 flows) on VLAN 100
Sep 15 10:58:17 faucet.valve INFO     DPID 1 (0x1) sw1 resolving 10.0.100.2 retry 3 (last attempt was 7s ago; 1 flows) on VLAN 100
Sep 15 10:58:27 faucet.valve INFO     DPID 1 (0x1) sw1 resolving 10.0.100.2 retry 4 (last attempt was 9s ago; 1 flows) on VLAN 100
Sep 15 10:58:45 faucet.valve INFO     DPID 1 (0x1) sw1 resolving 10.0.100.2 retry 5 (last attempt was 18s ago; 1 flows) on VLAN 100
Sep 15 10:59:19 faucet.valve INFO     DPID 1 (0x1) sw1 resolving 10.0.100.2 retry 6 (last attempt was 33s ago; 1 flows) on VLAN 100
Sep 15 10:59:39 faucet ERROR    unexpected unknown thread termination - check Ryu/process stderr log
Sep 15 10:59:39 faucet.exception ERROR    Unhandled exception, killing RYU
Traceback (most recent call last):
  File "/home/namhust98/sina/faucet/faucet/valve_util.py", line 34, in __koe
    func(*args, **kwargs)
  File "/home/namhust98/sina/faucet/faucet/faucet.py", line 149, in _check_thread_exception
    super(Faucet, self)._check_thread_exception()
  File "/home/namhust98/sina/faucet/faucet/valve_ryuapp.py", line 91, in _check_thread_exception
    raise ValveDeadThreadException
faucet.valve_ryuapp.ValveDeadThreadException
Sep 15 11:00:52 faucet INFO     version 0.0.1.dev20
Sep 15 11:00:52 faucet INFO     Reloading configuration
Sep 15 11:00:52 faucet INFO     configuration /home/namhust98/sina/faucet/venv/etc/faucet/faucet.yaml changed, analyzing differences
Sep 15 11:00:52 faucet.config INFO     including file: /home/namhust98/sina/faucet/venv/etc/faucet/acls.yaml
Sep 15 11:00:52 faucet INFO     Add new datapath DPID 1 (0x1)
Sep 15 11:00:52 faucet.valve INFO     DPID 1 (0x1) sw1 IPv4 routing is active on VLAN office vid:100 tagged: Port 5 untagged: Port 1,Port 2,Port 4 with VIPs ['10.0.100.254/24']
Sep 15 11:00:52 faucet.valve INFO     DPID 1 (0x1) sw1 IPv4 routing is active on VLAN guest vid:200 untagged: Port 3 with VIPs ['10.0.200.254/24']
Sep 15 11:00:52 faucet.valve INFO     DPID 1 (0x1) sw1 IPv6 routing is active on VLAN office vid:100 tagged: Port 5 untagged: Port 1,Port 2,Port 4 with VIPs ['2001:100::1/64', 'fe80::c00:ff:fe00:1001/64']
Sep 15 11:00:52 faucet.valve INFO     DPID 1 (0x1) sw1 IPv6 routing is active on VLAN guest vid:200 untagged: Port 3 with VIPs ['2001:200::1/64', 'fe80::c00:ff:fe00:2001/64']
Sep 15 11:00:52 faucet.valve INFO     DPID 1 (0x1) sw1 table ID 0 table config match_types: (('eth_type', False), ('icmpv6_type', False), ('in_port', False), ('ip_proto', False), ('tcp_dst', False), ('udp_dst', False), ('udp_src', False)) name: port_acl next_tables: ['vlan', 'vip', 'eth_dst', 'flood'] output: True set_fields: ('eth_dst',) size: 32
Sep 15 11:00:52 faucet.valve INFO     DPID 1 (0x1) sw1 table ID 1 table config match_types: (('eth_dst', True), ('eth_type', False), ('in_port', False), ('vlan_vid', False)) name: vlan next_tables: ['vlan_acl', 'eth_src'] output: True set_fields: ('vlan_vid',) size: 32 table_id: 1 vlan_port_scale: 1.5
Sep 15 11:00:52 faucet.valve INFO     DPID 1 (0x1) sw1 table ID 2 table config match_types: (('eth_type', False), ('ipv4_dst', True), ('ipv4_src', True), ('vlan_vid', False)) name: vlan_acl next_tables: ['eth_src', 'eth_dst', 'flood'] output: True size: 32 table_id: 2
Sep 15 11:00:52 faucet.valve INFO     DPID 1 (0x1) sw1 table ID 3 table config match_types: (('eth_dst', True), ('eth_src', False), ('eth_type', False), ('in_port', False), ('vlan_vid', False)) miss_goto: eth_dst name: eth_src next_tables: ['ipv4_fib', 'ipv6_fib', 'vip', 'eth_dst', 'flood'] output: True set_fields: ('vlan_vid', 'eth_dst') size: 64 table_id: 3 vlan_port_scale: 4.1
Sep 15 11:00:52 faucet.valve INFO     DPID 1 (0x1) sw1 table ID 4 table config dec_ttl: True match_types: (('eth_type', False), ('ipv4_dst', True), ('vlan_vid', False)) name: ipv4_fib next_tables: ['vip', 'eth_dst', 'flood'] output: True set_fields: ('eth_dst', 'eth_src', 'vlan_vid') size: 32 table_id: 4 vlan_port_scale: 3.1
Sep 15 11:00:52 faucet.valve INFO     DPID 1 (0x1) sw1 table ID 5 table config dec_ttl: True match_types: (('eth_type', False), ('ipv6_dst', True), ('vlan_vid', False)) name: ipv6_fib next_tables: ['vip', 'eth_dst', 'flood'] output: True set_fields: ('eth_dst', 'eth_src', 'vlan_vid') size: 32 table_id: 5 vlan_port_scale: 3.1
Sep 15 11:00:52 faucet.valve INFO     DPID 1 (0x1) sw1 table ID 6 table config match_types: (('arp_tpa', False), ('eth_dst', False), ('eth_type', False), ('icmpv6_type', False), ('ip_proto', False)) name: vip next_tables: ['eth_dst', 'flood'] output: True size: 32 table_id: 6 vlan_scale: 8
Sep 15 11:00:52 faucet.valve INFO     DPID 1 (0x1) sw1 table ID 7 table config exact_match: True match_types: (('eth_dst', False), ('vlan_vid', False)) miss_goto: flood name: eth_dst output: True size: 64 table_id: 7 vlan_port_scale: 4.1
Sep 15 11:00:52 faucet.valve INFO     DPID 1 (0x1) sw1 table ID 8 table config match_types: (('eth_dst', True), ('in_port', False), ('vlan_vid', False)) name: flood output: True size: 96 table_id: 8 vlan_port_scale: 7.0
Sep 15 11:00:52 faucet INFO     Add new datapath DPID 2 (0x2)
Sep 15 11:00:52 faucet.valve INFO     DPID 2 (0x2) sw2 IPv4 routing is active on VLAN office vid:100 tagged: Port 24 untagged: Port 1 with VIPs ['10.0.100.254/24']
Sep 15 11:00:52 faucet.valve INFO     DPID 2 (0x2) sw2 IPv4 routing is active on VLAN guest vid:200 tagged: Port 24 untagged: Port 2,Port 4 with VIPs ['10.0.200.254/24']
Sep 15 11:00:52 faucet.valve INFO     DPID 2 (0x2) sw2 IPv6 routing is active on VLAN office vid:100 tagged: Port 24 untagged: Port 1 with VIPs ['2001:100::1/64', 'fe80::c00:ff:fe00:1001/64']
Sep 15 11:00:52 faucet.valve INFO     DPID 2 (0x2) sw2 IPv6 routing is active on VLAN guest vid:200 tagged: Port 24 untagged: Port 2,Port 4 with VIPs ['2001:200::1/64', 'fe80::c00:ff:fe00:2001/64']
Sep 15 11:00:52 faucet.valve INFO     DPID 2 (0x2) sw2 table ID 0 table config match_types: (('eth_type', False), ('icmpv6_type', False), ('in_port', False), ('ip_proto', False), ('tcp_dst', False), ('udp_dst', False), ('udp_src', False)) name: port_acl next_tables: ['vlan', 'vip', 'eth_dst', 'flood'] output: True set_fields: ('eth_dst',) size: 32
Sep 15 11:00:52 faucet.valve INFO     DPID 2 (0x2) sw2 table ID 1 table config match_types: (('eth_dst', True), ('eth_type', False), ('in_port', False), ('vlan_vid', False)) name: vlan next_tables: ['vlan_acl', 'eth_src'] output: True set_fields: ('vlan_vid',) size: 32 table_id: 1 vlan_port_scale: 1.5
Sep 15 11:00:52 faucet.valve INFO     DPID 2 (0x2) sw2 table ID 2 table config match_types: (('eth_type', False), ('ipv4_dst', True), ('ipv4_src', True), ('vlan_vid', False)) name: vlan_acl next_tables: ['eth_src', 'eth_dst', 'flood'] output: True size: 32 table_id: 2
Sep 15 11:00:52 faucet.valve INFO     DPID 2 (0x2) sw2 table ID 3 table config match_types: (('eth_dst', True), ('eth_src', False), ('eth_type', False), ('in_port', False), ('vlan_vid', False)) miss_goto: eth_dst name: eth_src next_tables: ['ipv4_fib', 'ipv6_fib', 'vip', 'eth_dst', 'flood'] output: True set_fields: ('vlan_vid', 'eth_dst') size: 64 table_id: 3 vlan_port_scale: 4.1
Sep 15 11:00:52 faucet.valve INFO     DPID 2 (0x2) sw2 table ID 4 table config dec_ttl: True match_types: (('eth_type', False), ('ipv4_dst', True), ('vlan_vid', False)) name: ipv4_fib next_tables: ['vip', 'eth_dst', 'flood'] output: True set_fields: ('eth_dst', 'eth_src', 'vlan_vid') size: 32 table_id: 4 vlan_port_scale: 3.1
Sep 15 11:00:52 faucet.valve INFO     DPID 2 (0x2) sw2 table ID 5 table config dec_ttl: True match_types: (('eth_type', False), ('ipv6_dst', True), ('vlan_vid', False)) name: ipv6_fib next_tables: ['vip', 'eth_dst', 'flood'] output: True set_fields: ('eth_dst', 'eth_src', 'vlan_vid') size: 32 table_id: 5 vlan_port_scale: 3.1
Sep 15 11:00:52 faucet.valve INFO     DPID 2 (0x2) sw2 table ID 6 table config match_types: (('arp_tpa', False), ('eth_dst', False), ('eth_type', False), ('icmpv6_type', False), ('ip_proto', False)) name: vip next_tables: ['eth_dst', 'flood'] output: True size: 32 table_id: 6 vlan_scale: 8
Sep 15 11:00:52 faucet.valve INFO     DPID 2 (0x2) sw2 table ID 7 table config exact_match: True match_types: (('eth_dst', False), ('vlan_vid', False)) miss_goto: flood name: eth_dst output: True size: 64 table_id: 7 vlan_port_scale: 4.1
Sep 15 11:00:52 faucet.valve INFO     DPID 2 (0x2) sw2 table ID 8 table config match_types: (('eth_dst', True), ('in_port', False), ('vlan_vid', False)) name: flood output: True size: 64 table_id: 8 vlan_port_scale: 7.0
Sep 15 11:01:34 faucet ERROR    unexpected unknown thread termination - check Ryu/process stderr log
Sep 15 11:01:34 faucet.exception ERROR    Unhandled exception, killing RYU
Traceback (most recent call last):
  File "/home/namhust98/sina/faucet/faucet/valve_util.py", line 34, in __koe
    func(*args, **kwargs)
  File "/home/namhust98/sina/faucet/faucet/faucet.py", line 149, in _check_thread_exception
    super(Faucet, self)._check_thread_exception()
  File "/home/namhust98/sina/faucet/faucet/valve_ryuapp.py", line 91, in _check_thread_exception
    raise ValveDeadThreadException
faucet.valve_ryuapp.ValveDeadThreadException
Sep 15 11:01:35 faucet INFO     version 0.0.1.dev20
Sep 15 11:01:35 faucet INFO     Reloading configuration
Sep 15 11:01:35 faucet INFO     configuration /home/namhust98/sina/faucet/venv/etc/faucet/faucet.yaml changed, analyzing differences
Sep 15 11:01:35 faucet.config INFO     including file: /home/namhust98/sina/faucet/venv/etc/faucet/acls.yaml
Sep 15 11:01:36 faucet INFO     Add new datapath DPID 1 (0x1)
Sep 15 11:01:36 faucet.valve INFO     DPID 1 (0x1) sw1 IPv4 routing is active on VLAN office vid:100 tagged: Port 5 untagged: Port 1,Port 2,Port 4 with VIPs ['10.0.100.254/24']
Sep 15 11:01:36 faucet.valve INFO     DPID 1 (0x1) sw1 IPv4 routing is active on VLAN guest vid:200 untagged: Port 3 with VIPs ['10.0.200.254/24']
Sep 15 11:01:36 faucet.valve INFO     DPID 1 (0x1) sw1 IPv6 routing is active on VLAN office vid:100 tagged: Port 5 untagged: Port 1,Port 2,Port 4 with VIPs ['2001:100::1/64', 'fe80::c00:ff:fe00:1001/64']
Sep 15 11:01:36 faucet.valve INFO     DPID 1 (0x1) sw1 IPv6 routing is active on VLAN guest vid:200 untagged: Port 3 with VIPs ['2001:200::1/64', 'fe80::c00:ff:fe00:2001/64']
Sep 15 11:01:36 faucet.valve INFO     DPID 1 (0x1) sw1 table ID 0 table config match_types: (('eth_type', False), ('icmpv6_type', False), ('in_port', False), ('ip_proto', False), ('tcp_dst', False), ('udp_dst', False), ('udp_src', False)) name: port_acl next_tables: ['vlan', 'vip', 'eth_dst', 'flood'] output: True set_fields: ('eth_dst',) size: 32
Sep 15 11:01:36 faucet.valve INFO     DPID 1 (0x1) sw1 table ID 1 table config match_types: (('eth_dst', True), ('eth_type', False), ('in_port', False), ('vlan_vid', False)) name: vlan next_tables: ['vlan_acl', 'eth_src'] output: True set_fields: ('vlan_vid',) size: 32 table_id: 1 vlan_port_scale: 1.5
Sep 15 11:01:36 faucet.valve INFO     DPID 1 (0x1) sw1 table ID 2 table config match_types: (('eth_type', False), ('ipv4_dst', True), ('ipv4_src', True), ('vlan_vid', False)) name: vlan_acl next_tables: ['eth_src', 'eth_dst', 'flood'] output: True size: 32 table_id: 2
Sep 15 11:01:36 faucet.valve INFO     DPID 1 (0x1) sw1 table ID 3 table config match_types: (('eth_dst', True), ('eth_src', False), ('eth_type', False), ('in_port', False), ('vlan_vid', False)) miss_goto: eth_dst name: eth_src next_tables: ['ipv4_fib', 'ipv6_fib', 'vip', 'eth_dst', 'flood'] output: True set_fields: ('vlan_vid', 'eth_dst') size: 64 table_id: 3 vlan_port_scale: 4.1
Sep 15 11:01:36 faucet.valve INFO     DPID 1 (0x1) sw1 table ID 4 table config dec_ttl: True match_types: (('eth_type', False), ('ipv4_dst', True), ('vlan_vid', False)) name: ipv4_fib next_tables: ['vip', 'eth_dst', 'flood'] output: True set_fields: ('eth_dst', 'eth_src', 'vlan_vid') size: 32 table_id: 4 vlan_port_scale: 3.1
Sep 15 11:01:36 faucet.valve INFO     DPID 1 (0x1) sw1 table ID 5 table config dec_ttl: True match_types: (('eth_type', False), ('ipv6_dst', True), ('vlan_vid', False)) name: ipv6_fib next_tables: ['vip', 'eth_dst', 'flood'] output: True set_fields: ('eth_dst', 'eth_src', 'vlan_vid') size: 32 table_id: 5 vlan_port_scale: 3.1
Sep 15 11:01:36 faucet.valve INFO     DPID 1 (0x1) sw1 table ID 6 table config match_types: (('arp_tpa', False), ('eth_dst', False), ('eth_type', False), ('icmpv6_type', False), ('ip_proto', False)) name: vip next_tables: ['eth_dst', 'flood'] output: True size: 32 table_id: 6 vlan_scale: 8
Sep 15 11:01:36 faucet.valve INFO     DPID 1 (0x1) sw1 table ID 7 table config exact_match: True match_types: (('eth_dst', False), ('vlan_vid', False)) miss_goto: flood name: eth_dst output: True size: 64 table_id: 7 vlan_port_scale: 4.1
Sep 15 11:01:36 faucet.valve INFO     DPID 1 (0x1) sw1 table ID 8 table config match_types: (('eth_dst', True), ('in_port', False), ('vlan_vid', False)) name: flood output: True size: 96 table_id: 8 vlan_port_scale: 7.0
Sep 15 11:01:36 faucet INFO     Add new datapath DPID 2 (0x2)
Sep 15 11:01:36 faucet.valve INFO     DPID 2 (0x2) sw2 IPv4 routing is active on VLAN office vid:100 tagged: Port 24 untagged: Port 1 with VIPs ['10.0.100.254/24']
Sep 15 11:01:36 faucet.valve INFO     DPID 2 (0x2) sw2 IPv4 routing is active on VLAN guest vid:200 tagged: Port 24 untagged: Port 2,Port 4 with VIPs ['10.0.200.254/24']
Sep 15 11:01:36 faucet.valve INFO     DPID 2 (0x2) sw2 IPv6 routing is active on VLAN office vid:100 tagged: Port 24 untagged: Port 1 with VIPs ['2001:100::1/64', 'fe80::c00:ff:fe00:1001/64']
Sep 15 11:01:36 faucet.valve INFO     DPID 2 (0x2) sw2 IPv6 routing is active on VLAN guest vid:200 tagged: Port 24 untagged: Port 2,Port 4 with VIPs ['2001:200::1/64', 'fe80::c00:ff:fe00:2001/64']
Sep 15 11:01:36 faucet.valve INFO     DPID 2 (0x2) sw2 table ID 0 table config match_types: (('eth_type', False), ('icmpv6_type', False), ('in_port', False), ('ip_proto', False), ('tcp_dst', False), ('udp_dst', False), ('udp_src', False)) name: port_acl next_tables: ['vlan', 'vip', 'eth_dst', 'flood'] output: True set_fields: ('eth_dst',) size: 32
Sep 15 11:01:36 faucet.valve INFO     DPID 2 (0x2) sw2 table ID 1 table config match_types: (('eth_dst', True), ('eth_type', False), ('in_port', False), ('vlan_vid', False)) name: vlan next_tables: ['vlan_acl', 'eth_src'] output: True set_fields: ('vlan_vid',) size: 32 table_id: 1 vlan_port_scale: 1.5
Sep 15 11:01:36 faucet.valve INFO     DPID 2 (0x2) sw2 table ID 2 table config match_types: (('eth_type', False), ('ipv4_dst', True), ('ipv4_src', True), ('vlan_vid', False)) name: vlan_acl next_tables: ['eth_src', 'eth_dst', 'flood'] output: True size: 32 table_id: 2
Sep 15 11:01:36 faucet.valve INFO     DPID 2 (0x2) sw2 table ID 3 table config match_types: (('eth_dst', True), ('eth_src', False), ('eth_type', False), ('in_port', False), ('vlan_vid', False)) miss_goto: eth_dst name: eth_src next_tables: ['ipv4_fib', 'ipv6_fib', 'vip', 'eth_dst', 'flood'] output: True set_fields: ('vlan_vid', 'eth_dst') size: 64 table_id: 3 vlan_port_scale: 4.1
Sep 15 11:01:36 faucet.valve INFO     DPID 2 (0x2) sw2 table ID 4 table config dec_ttl: True match_types: (('eth_type', False), ('ipv4_dst', True), ('vlan_vid', False)) name: ipv4_fib next_tables: ['vip', 'eth_dst', 'flood'] output: True set_fields: ('eth_dst', 'eth_src', 'vlan_vid') size: 32 table_id: 4 vlan_port_scale: 3.1
Sep 15 11:01:36 faucet.valve INFO     DPID 2 (0x2) sw2 table ID 5 table config dec_ttl: True match_types: (('eth_type', False), ('ipv6_dst', True), ('vlan_vid', False)) name: ipv6_fib next_tables: ['vip', 'eth_dst', 'flood'] output: True set_fields: ('eth_dst', 'eth_src', 'vlan_vid') size: 32 table_id: 5 vlan_port_scale: 3.1
Sep 15 11:01:36 faucet.valve INFO     DPID 2 (0x2) sw2 table ID 6 table config match_types: (('arp_tpa', False), ('eth_dst', False), ('eth_type', False), ('icmpv6_type', False), ('ip_proto', False)) name: vip next_tables: ['eth_dst', 'flood'] output: True size: 32 table_id: 6 vlan_scale: 8
Sep 15 11:01:36 faucet.valve INFO     DPID 2 (0x2) sw2 table ID 7 table config exact_match: True match_types: (('eth_dst', False), ('vlan_vid', False)) miss_goto: flood name: eth_dst output: True size: 64 table_id: 7 vlan_port_scale: 4.1
Sep 15 11:01:36 faucet.valve INFO     DPID 2 (0x2) sw2 table ID 8 table config match_types: (('eth_dst', True), ('in_port', False), ('vlan_vid', False)) name: flood output: True size: 64 table_id: 8 vlan_port_scale: 7.0
Sep 15 11:04:07 faucet.valve INFO     DPID 1 (0x1) sw1 Cold start configuring DP
Sep 15 11:04:07 faucet.valve INFO     DPID 1 (0x1) sw1 Port 1 (host1 container) configured
Sep 15 11:04:07 faucet.valve INFO     DPID 1 (0x1) sw1 Port 2 (host2 container) configured
Sep 15 11:04:07 faucet.valve INFO     DPID 1 (0x1) sw1 Configuring VLAN office vid:100 tagged: Port 5 untagged: Port 1,Port 2,Port 4
Sep 15 11:04:07 faucet.valve INFO     DPID 1 (0x1) sw1 Configuring VLAN guest vid:200 untagged: Port 3
Sep 15 11:04:08 faucet INFO     Send notify success
Sep 15 11:04:08 faucet INFO     Send notify success
Sep 15 11:04:08 faucet INFO     Send notify success
Sep 15 11:04:09 faucet INFO     Send notify success
Sep 15 11:04:09 faucet INFO     ********************** switch connected **********************
Sep 15 11:04:09 faucet INFO     [(1, <ryu.controller.controller.Datapath object at 0x7f851ec2b668>)]
Sep 15 11:04:09 faucet.valve INFO     DPID 1 (0x1) sw1 L2 learned on Port 2 9a:4b:ac:b3:b8:43 (L2 type 0x86dd, L2 dst 33:33:ff:b3:b8:43, L3 src ::, L3 dst ff02::1:ffb3:b843) Port 2 VLAN 100 (1 hosts total)
Sep 15 11:04:09 faucet.valve INFO     DPID 1 (0x1) sw1 L2 learned on Port 1 46:d0:f8:fb:88:8f (L2 type 0x86dd, L2 dst 33:33:00:00:00:16, L3 src None, L3 dst None) Port 1 VLAN 100 (2 hosts total)
Sep 15 11:04:09 faucet.valve INFO     DPID 1 (0x1) sw1 status did not change: Port 1 up status True reason MODIFY state 4
Sep 15 11:04:09 faucet INFO     Send notify success
Sep 15 11:04:09 faucet INFO     Send notify success
Sep 15 11:04:09 faucet INFO     Send notify success
Sep 15 11:04:09 faucet INFO     Send notify success
Sep 15 11:04:09 faucet INFO     ************************** port change ***********************
Sep 15 11:04:09 faucet.valve INFO     DPID 1 (0x1) sw1 Responded to RS solicit from fe80::984b:acff:feb3:b843 (9a:4b:ac:b3:b8:43 (L2 type 0x86dd, L2 dst 33:33:00:00:00:02, L3 src fe80::984b:acff:feb3:b843, L3 dst ff02::2) Port 2 VLAN 100)
Sep 15 11:04:09 faucet.valve INFO     DPID 1 (0x1) sw1 L2 learned on Port 1 46:d0:f8:fb:88:8f (L2 type 0x86dd, L2 dst 33:33:00:00:00:16, L3 src None, L3 dst None) Port 1 VLAN 100 (2 hosts total)
Sep 15 11:04:09 faucet.valve INFO     DPID 1 (0x1) sw1 L2 learned on Port 1 46:d0:f8:fb:88:8f (L2 type 0x86dd, L2 dst 33:33:00:00:00:02, L3 src fe80::44d0:f8ff:fefb:888f, L3 dst ff02::2) Port 1 VLAN 100 (2 hosts total)
Sep 15 11:04:09 faucet.valve INFO     DPID 1 (0x1) sw1 Responded to RS solicit from fe80::44d0:f8ff:fefb:888f (46:d0:f8:fb:88:8f (L2 type 0x86dd, L2 dst 33:33:00:00:00:02, L3 src fe80::44d0:f8ff:fefb:888f, L3 dst ff02::2) Port 1 VLAN 100)
Sep 15 11:04:09 faucet.valve INFO     DPID 1 (0x1) sw1 status did not change: Port 2 up status True reason MODIFY state 4
Sep 15 11:04:09 faucet INFO     Send notify success
Sep 15 11:04:09 faucet INFO     Send notify success
Sep 15 11:04:09 faucet INFO     Send notify success
Sep 15 11:04:09 faucet INFO     Send notify success
Sep 15 11:04:09 faucet INFO     ************************** port change ***********************
Sep 15 11:04:13 faucet.valve INFO     DPID 1 (0x1) sw1 resolving 10.0.100.2 (1 flows) on VLAN 100
Sep 15 11:04:16 faucet.valve INFO     DPID 1 (0x1) sw1 resolving 10.0.100.2 retry 2 (last attempt was 3s ago; 1 flows) on VLAN 100
Sep 15 11:04:22 faucet.valve INFO     DPID 1 (0x1) sw1 resolving 10.0.100.2 retry 3 (last attempt was 5s ago; 1 flows) on VLAN 100
Sep 15 11:04:31 faucet.valve INFO     DPID 1 (0x1) sw1 resolving 10.0.100.2 retry 4 (last attempt was 9s ago; 1 flows) on VLAN 100
Sep 15 11:04:53 faucet.valve INFO     DPID 1 (0x1) sw1 resolving 10.0.100.2 retry 5 (last attempt was 21s ago; 1 flows) on VLAN 100
Sep 15 11:05:27 faucet.valve INFO     DPID 1 (0x1) sw1 resolving 10.0.100.2 retry 6 (last attempt was 34s ago; 1 flows) on VLAN 100
Sep 15 11:05:55 faucet.valve INFO     DPID 1 (0x1) sw1 status did not change: Port 1 up status True reason MODIFY state 0
Sep 15 11:05:55 faucet.valve INFO     DPID 1 (0x1) sw1 Port 1 state OFPPS_LIVE reset, ignoring in expectation of port down
Sep 15 11:05:55 faucet.valve INFO     DPID 1 (0x1) sw1 status change: Port 1 up status True reason DELETE state 0
Sep 15 11:05:55 faucet.valve INFO     DPID 1 (0x1) sw1 Port 1 (host1 container) down
Sep 19 15:22:08 faucet INFO     version 0.0.1.dev22
Sep 19 15:22:08 faucet INFO     Reloading configuration
Sep 19 15:22:08 faucet INFO     configuration /home/namhust98/sina/faucet/venv/etc/faucet/faucet.yaml changed, analyzing differences
Sep 19 15:22:08 faucet.config INFO     including file: /home/namhust98/sina/faucet/venv/etc/faucet/acls.yaml
Sep 19 15:22:08 faucet INFO     Add new datapath DPID 1 (0x1)
Sep 19 15:22:08 faucet.valve INFO     DPID 1 (0x1) sw1 IPv4 routing is active on VLAN office vid:100 tagged: Port 5 untagged: Port 1,Port 2,Port 4 with VIPs ['10.0.100.254/24']
Sep 19 15:22:08 faucet.valve INFO     DPID 1 (0x1) sw1 IPv4 routing is active on VLAN guest vid:200 untagged: Port 3 with VIPs ['10.0.200.254/24']
Sep 19 15:22:08 faucet.valve INFO     DPID 1 (0x1) sw1 IPv6 routing is active on VLAN office vid:100 tagged: Port 5 untagged: Port 1,Port 2,Port 4 with VIPs ['2001:100::1/64', 'fe80::c00:ff:fe00:1001/64']
Sep 19 15:22:08 faucet.valve INFO     DPID 1 (0x1) sw1 IPv6 routing is active on VLAN guest vid:200 untagged: Port 3 with VIPs ['2001:200::1/64', 'fe80::c00:ff:fe00:2001/64']
Sep 19 15:22:08 faucet.valve INFO     DPID 1 (0x1) sw1 table ID 0 table config match_types: (('eth_type', False), ('icmpv6_type', False), ('in_port', False), ('ip_proto', False), ('tcp_dst', False), ('udp_dst', False), ('udp_src', False)) name: port_acl next_tables: ['vlan', 'vip', 'eth_dst', 'flood'] output: True set_fields: ('eth_dst',) size: 32
Sep 19 15:22:08 faucet.valve INFO     DPID 1 (0x1) sw1 table ID 1 table config match_types: (('eth_dst', True), ('eth_type', False), ('in_port', False), ('vlan_vid', False)) name: vlan next_tables: ['vlan_acl', 'eth_src'] output: True set_fields: ('vlan_vid',) size: 32 table_id: 1 vlan_port_scale: 1.5
Sep 19 15:22:08 faucet.valve INFO     DPID 1 (0x1) sw1 table ID 2 table config match_types: (('eth_type', False), ('ipv4_dst', True), ('ipv4_src', True), ('vlan_vid', False)) name: vlan_acl next_tables: ['eth_src', 'eth_dst', 'flood'] output: True size: 32 table_id: 2
Sep 19 15:22:08 faucet.valve INFO     DPID 1 (0x1) sw1 table ID 3 table config match_types: (('eth_dst', True), ('eth_src', False), ('eth_type', False), ('in_port', False), ('vlan_vid', False)) miss_goto: eth_dst name: eth_src next_tables: ['ipv4_fib', 'ipv6_fib', 'vip', 'eth_dst', 'flood'] output: True set_fields: ('vlan_vid', 'eth_dst') size: 64 table_id: 3 vlan_port_scale: 4.1
Sep 19 15:22:08 faucet.valve INFO     DPID 1 (0x1) sw1 table ID 4 table config dec_ttl: True match_types: (('eth_type', False), ('ipv4_dst', True), ('vlan_vid', False)) name: ipv4_fib next_tables: ['vip', 'eth_dst', 'flood'] output: True set_fields: ('eth_dst', 'eth_src', 'vlan_vid') size: 32 table_id: 4 vlan_port_scale: 3.1
Sep 19 15:22:08 faucet.valve INFO     DPID 1 (0x1) sw1 table ID 5 table config dec_ttl: True match_types: (('eth_type', False), ('ipv6_dst', True), ('vlan_vid', False)) name: ipv6_fib next_tables: ['vip', 'eth_dst', 'flood'] output: True set_fields: ('eth_dst', 'eth_src', 'vlan_vid') size: 32 table_id: 5 vlan_port_scale: 3.1
Sep 19 15:22:08 faucet.valve INFO     DPID 1 (0x1) sw1 table ID 6 table config match_types: (('arp_tpa', False), ('eth_dst', False), ('eth_type', False), ('icmpv6_type', False), ('ip_proto', False)) name: vip next_tables: ['eth_dst', 'flood'] output: True size: 32 table_id: 6 vlan_scale: 8
Sep 19 15:22:08 faucet.valve INFO     DPID 1 (0x1) sw1 table ID 7 table config exact_match: True match_types: (('eth_dst', False), ('vlan_vid', False)) miss_goto: flood name: eth_dst output: True size: 64 table_id: 7 vlan_port_scale: 4.1
Sep 19 15:22:08 faucet.valve INFO     DPID 1 (0x1) sw1 table ID 8 table config match_types: (('eth_dst', True), ('in_port', False), ('vlan_vid', False)) name: flood output: True size: 96 table_id: 8 vlan_port_scale: 7.0
Sep 19 15:22:08 faucet INFO     Add new datapath DPID 2 (0x2)
Sep 19 15:22:08 faucet.valve INFO     DPID 2 (0x2) sw2 IPv4 routing is active on VLAN office vid:100 tagged: Port 24 untagged: Port 1 with VIPs ['10.0.100.254/24']
Sep 19 15:22:08 faucet.valve INFO     DPID 2 (0x2) sw2 IPv4 routing is active on VLAN guest vid:200 tagged: Port 24 untagged: Port 2,Port 4 with VIPs ['10.0.200.254/24']
Sep 19 15:22:08 faucet.valve INFO     DPID 2 (0x2) sw2 IPv6 routing is active on VLAN office vid:100 tagged: Port 24 untagged: Port 1 with VIPs ['2001:100::1/64', 'fe80::c00:ff:fe00:1001/64']
Sep 19 15:22:08 faucet.valve INFO     DPID 2 (0x2) sw2 IPv6 routing is active on VLAN guest vid:200 tagged: Port 24 untagged: Port 2,Port 4 with VIPs ['2001:200::1/64', 'fe80::c00:ff:fe00:2001/64']
Sep 19 15:22:08 faucet.valve INFO     DPID 2 (0x2) sw2 table ID 0 table config match_types: (('eth_type', False), ('icmpv6_type', False), ('in_port', False), ('ip_proto', False), ('tcp_dst', False), ('udp_dst', False), ('udp_src', False)) name: port_acl next_tables: ['vlan', 'vip', 'eth_dst', 'flood'] output: True set_fields: ('eth_dst',) size: 32
Sep 19 15:22:08 faucet.valve INFO     DPID 2 (0x2) sw2 table ID 1 table config match_types: (('eth_dst', True), ('eth_type', False), ('in_port', False), ('vlan_vid', False)) name: vlan next_tables: ['vlan_acl', 'eth_src'] output: True set_fields: ('vlan_vid',) size: 32 table_id: 1 vlan_port_scale: 1.5
Sep 19 15:22:08 faucet.valve INFO     DPID 2 (0x2) sw2 table ID 2 table config match_types: (('eth_type', False), ('ipv4_dst', True), ('ipv4_src', True), ('vlan_vid', False)) name: vlan_acl next_tables: ['eth_src', 'eth_dst', 'flood'] output: True size: 32 table_id: 2
Sep 19 15:22:08 faucet.valve INFO     DPID 2 (0x2) sw2 table ID 3 table config match_types: (('eth_dst', True), ('eth_src', False), ('eth_type', False), ('in_port', False), ('vlan_vid', False)) miss_goto: eth_dst name: eth_src next_tables: ['ipv4_fib', 'ipv6_fib', 'vip', 'eth_dst', 'flood'] output: True set_fields: ('vlan_vid', 'eth_dst') size: 64 table_id: 3 vlan_port_scale: 4.1
Sep 19 15:22:08 faucet.valve INFO     DPID 2 (0x2) sw2 table ID 4 table config dec_ttl: True match_types: (('eth_type', False), ('ipv4_dst', True), ('vlan_vid', False)) name: ipv4_fib next_tables: ['vip', 'eth_dst', 'flood'] output: True set_fields: ('eth_dst', 'eth_src', 'vlan_vid') size: 32 table_id: 4 vlan_port_scale: 3.1
Sep 19 15:22:08 faucet.valve INFO     DPID 2 (0x2) sw2 table ID 5 table config dec_ttl: True match_types: (('eth_type', False), ('ipv6_dst', True), ('vlan_vid', False)) name: ipv6_fib next_tables: ['vip', 'eth_dst', 'flood'] output: True set_fields: ('eth_dst', 'eth_src', 'vlan_vid') size: 32 table_id: 5 vlan_port_scale: 3.1
Sep 19 15:22:08 faucet.valve INFO     DPID 2 (0x2) sw2 table ID 6 table config match_types: (('arp_tpa', False), ('eth_dst', False), ('eth_type', False), ('icmpv6_type', False), ('ip_proto', False)) name: vip next_tables: ['eth_dst', 'flood'] output: True size: 32 table_id: 6 vlan_scale: 8
Sep 19 15:22:08 faucet.valve INFO     DPID 2 (0x2) sw2 table ID 7 table config exact_match: True match_types: (('eth_dst', False), ('vlan_vid', False)) miss_goto: flood name: eth_dst output: True size: 64 table_id: 7 vlan_port_scale: 4.1
Sep 19 15:22:08 faucet.valve INFO     DPID 2 (0x2) sw2 table ID 8 table config match_types: (('eth_dst', True), ('in_port', False), ('vlan_vid', False)) name: flood output: True size: 64 table_id: 8 vlan_port_scale: 7.0
Sep 19 15:31:09 faucet ERROR    unexpected unknown thread termination - check Ryu/process stderr log
Sep 19 15:31:09 faucet.exception ERROR    Unhandled exception, killing RYU
Traceback (most recent call last):
  File "/home/namhust98/sina/faucet/faucet/valve_util.py", line 34, in __koe
    func(*args, **kwargs)
  File "/home/namhust98/sina/faucet/faucet/faucet.py", line 149, in _check_thread_exception
    super(Faucet, self)._check_thread_exception()
  File "/home/namhust98/sina/faucet/faucet/valve_ryuapp.py", line 91, in _check_thread_exception
    raise ValveDeadThreadException
faucet.valve_ryuapp.ValveDeadThreadException
Sep 19 15:47:12 faucet INFO     version 0.0.1.dev22
Sep 19 15:47:12 faucet INFO     Reloading configuration
Sep 19 15:47:12 faucet INFO     configuration /home/namhust98/sina/faucet/venv/etc/faucet/faucet.yaml changed, analyzing differences
Sep 19 15:47:12 faucet.config INFO     including file: /home/namhust98/sina/faucet/venv/etc/faucet/acls.yaml
Sep 19 15:47:13 faucet INFO     Add new datapath DPID 1 (0x1)
Sep 19 15:47:13 faucet.valve INFO     DPID 1 (0x1) sw1 IPv4 routing is active on VLAN office vid:100 tagged: Port 5 untagged: Port 1,Port 2,Port 4 with VIPs ['10.0.100.254/24']
Sep 19 15:47:13 faucet.valve INFO     DPID 1 (0x1) sw1 IPv4 routing is active on VLAN guest vid:200 untagged: Port 3 with VIPs ['10.0.200.254/24']
Sep 19 15:47:13 faucet.valve INFO     DPID 1 (0x1) sw1 IPv6 routing is active on VLAN office vid:100 tagged: Port 5 untagged: Port 1,Port 2,Port 4 with VIPs ['2001:100::1/64', 'fe80::c00:ff:fe00:1001/64']
Sep 19 15:47:13 faucet.valve INFO     DPID 1 (0x1) sw1 IPv6 routing is active on VLAN guest vid:200 untagged: Port 3 with VIPs ['2001:200::1/64', 'fe80::c00:ff:fe00:2001/64']
Sep 19 15:47:13 faucet.valve INFO     DPID 1 (0x1) sw1 table ID 0 table config match_types: (('eth_type', False), ('icmpv6_type', False), ('in_port', False), ('ip_proto', False), ('tcp_dst', False), ('udp_dst', False), ('udp_src', False)) name: port_acl next_tables: ['vlan', 'vip', 'eth_dst', 'flood'] output: True set_fields: ('eth_dst',) size: 32
Sep 19 15:47:13 faucet.valve INFO     DPID 1 (0x1) sw1 table ID 1 table config match_types: (('eth_dst', True), ('eth_type', False), ('in_port', False), ('vlan_vid', False)) name: vlan next_tables: ['vlan_acl', 'eth_src'] output: True set_fields: ('vlan_vid',) size: 32 table_id: 1 vlan_port_scale: 1.5
Sep 19 15:47:13 faucet.valve INFO     DPID 1 (0x1) sw1 table ID 2 table config match_types: (('eth_type', False), ('ipv4_dst', True), ('ipv4_src', True), ('vlan_vid', False)) name: vlan_acl next_tables: ['eth_src', 'eth_dst', 'flood'] output: True size: 32 table_id: 2
Sep 19 15:47:13 faucet.valve INFO     DPID 1 (0x1) sw1 table ID 3 table config match_types: (('eth_dst', True), ('eth_src', False), ('eth_type', False), ('in_port', False), ('vlan_vid', False)) miss_goto: eth_dst name: eth_src next_tables: ['ipv4_fib', 'ipv6_fib', 'vip', 'eth_dst', 'flood'] output: True set_fields: ('vlan_vid', 'eth_dst') size: 64 table_id: 3 vlan_port_scale: 4.1
Sep 19 15:47:13 faucet.valve INFO     DPID 1 (0x1) sw1 table ID 4 table config dec_ttl: True match_types: (('eth_type', False), ('ipv4_dst', True), ('vlan_vid', False)) name: ipv4_fib next_tables: ['vip', 'eth_dst', 'flood'] output: True set_fields: ('eth_dst', 'eth_src', 'vlan_vid') size: 32 table_id: 4 vlan_port_scale: 3.1
Sep 19 15:47:13 faucet.valve INFO     DPID 1 (0x1) sw1 table ID 5 table config dec_ttl: True match_types: (('eth_type', False), ('ipv6_dst', True), ('vlan_vid', False)) name: ipv6_fib next_tables: ['vip', 'eth_dst', 'flood'] output: True set_fields: ('eth_dst', 'eth_src', 'vlan_vid') size: 32 table_id: 5 vlan_port_scale: 3.1
Sep 19 15:47:13 faucet.valve INFO     DPID 1 (0x1) sw1 table ID 6 table config match_types: (('arp_tpa', False), ('eth_dst', False), ('eth_type', False), ('icmpv6_type', False), ('ip_proto', False)) name: vip next_tables: ['eth_dst', 'flood'] output: True size: 32 table_id: 6 vlan_scale: 8
Sep 19 15:47:13 faucet.valve INFO     DPID 1 (0x1) sw1 table ID 7 table config exact_match: True match_types: (('eth_dst', False), ('vlan_vid', False)) miss_goto: flood name: eth_dst output: True size: 64 table_id: 7 vlan_port_scale: 4.1
Sep 19 15:47:13 faucet.valve INFO     DPID 1 (0x1) sw1 table ID 8 table config match_types: (('eth_dst', True), ('in_port', False), ('vlan_vid', False)) name: flood output: True size: 96 table_id: 8 vlan_port_scale: 7.0
Sep 19 15:47:13 faucet INFO     Add new datapath DPID 2 (0x2)
Sep 19 15:47:13 faucet.valve INFO     DPID 2 (0x2) sw2 IPv4 routing is active on VLAN office vid:100 tagged: Port 24 untagged: Port 1 with VIPs ['10.0.100.254/24']
Sep 19 15:47:13 faucet.valve INFO     DPID 2 (0x2) sw2 IPv4 routing is active on VLAN guest vid:200 tagged: Port 24 untagged: Port 2,Port 4 with VIPs ['10.0.200.254/24']
Sep 19 15:47:13 faucet.valve INFO     DPID 2 (0x2) sw2 IPv6 routing is active on VLAN office vid:100 tagged: Port 24 untagged: Port 1 with VIPs ['2001:100::1/64', 'fe80::c00:ff:fe00:1001/64']
Sep 19 15:47:13 faucet.valve INFO     DPID 2 (0x2) sw2 IPv6 routing is active on VLAN guest vid:200 tagged: Port 24 untagged: Port 2,Port 4 with VIPs ['2001:200::1/64', 'fe80::c00:ff:fe00:2001/64']
Sep 19 15:47:13 faucet.valve INFO     DPID 2 (0x2) sw2 table ID 0 table config match_types: (('eth_type', False), ('icmpv6_type', False), ('in_port', False), ('ip_proto', False), ('tcp_dst', False), ('udp_dst', False), ('udp_src', False)) name: port_acl next_tables: ['vlan', 'vip', 'eth_dst', 'flood'] output: True set_fields: ('eth_dst',) size: 32
Sep 19 15:47:13 faucet.valve INFO     DPID 2 (0x2) sw2 table ID 1 table config match_types: (('eth_dst', True), ('eth_type', False), ('in_port', False), ('vlan_vid', False)) name: vlan next_tables: ['vlan_acl', 'eth_src'] output: True set_fields: ('vlan_vid',) size: 32 table_id: 1 vlan_port_scale: 1.5
Sep 19 15:47:13 faucet.valve INFO     DPID 2 (0x2) sw2 table ID 2 table config match_types: (('eth_type', False), ('ipv4_dst', True), ('ipv4_src', True), ('vlan_vid', False)) name: vlan_acl next_tables: ['eth_src', 'eth_dst', 'flood'] output: True size: 32 table_id: 2
Sep 19 15:47:13 faucet.valve INFO     DPID 2 (0x2) sw2 table ID 3 table config match_types: (('eth_dst', True), ('eth_src', False), ('eth_type', False), ('in_port', False), ('vlan_vid', False)) miss_goto: eth_dst name: eth_src next_tables: ['ipv4_fib', 'ipv6_fib', 'vip', 'eth_dst', 'flood'] output: True set_fields: ('vlan_vid', 'eth_dst') size: 64 table_id: 3 vlan_port_scale: 4.1
Sep 19 15:47:13 faucet.valve INFO     DPID 2 (0x2) sw2 table ID 4 table config dec_ttl: True match_types: (('eth_type', False), ('ipv4_dst', True), ('vlan_vid', False)) name: ipv4_fib next_tables: ['vip', 'eth_dst', 'flood'] output: True set_fields: ('eth_dst', 'eth_src', 'vlan_vid') size: 32 table_id: 4 vlan_port_scale: 3.1
Sep 19 15:47:13 faucet.valve INFO     DPID 2 (0x2) sw2 table ID 5 table config dec_ttl: True match_types: (('eth_type', False), ('ipv6_dst', True), ('vlan_vid', False)) name: ipv6_fib next_tables: ['vip', 'eth_dst', 'flood'] output: True set_fields: ('eth_dst', 'eth_src', 'vlan_vid') size: 32 table_id: 5 vlan_port_scale: 3.1
Sep 19 15:47:13 faucet.valve INFO     DPID 2 (0x2) sw2 table ID 6 table config match_types: (('arp_tpa', False), ('eth_dst', False), ('eth_type', False), ('icmpv6_type', False), ('ip_proto', False)) name: vip next_tables: ['eth_dst', 'flood'] output: True size: 32 table_id: 6 vlan_scale: 8
Sep 19 15:47:13 faucet.valve INFO     DPID 2 (0x2) sw2 table ID 7 table config exact_match: True match_types: (('eth_dst', False), ('vlan_vid', False)) miss_goto: flood name: eth_dst output: True size: 64 table_id: 7 vlan_port_scale: 4.1
Sep 19 15:47:13 faucet.valve INFO     DPID 2 (0x2) sw2 table ID 8 table config match_types: (('eth_dst', True), ('in_port', False), ('vlan_vid', False)) name: flood output: True size: 64 table_id: 8 vlan_port_scale: 7.0
Sep 19 16:01:02 faucet ERROR    unexpected unknown thread termination - check Ryu/process stderr log
Sep 19 16:01:02 faucet.exception ERROR    Unhandled exception, killing RYU
Traceback (most recent call last):
  File "/home/namhust98/sina/faucet/faucet/valve_util.py", line 34, in __koe
    func(*args, **kwargs)
  File "/home/namhust98/sina/faucet/faucet/faucet.py", line 149, in _check_thread_exception
    super(Faucet, self)._check_thread_exception()
  File "/home/namhust98/sina/faucet/faucet/valve_ryuapp.py", line 91, in _check_thread_exception
    raise ValveDeadThreadException
faucet.valve_ryuapp.ValveDeadThreadException
